Filename;Drawer;Base filename;First word;Last word;First word index;Last word index;Sequence;Error message
KRIJP_20096_03030400_a1.djvu;A1;a1;a;a;1;1;1;
KRIJP_20097_03030401_a2.djvu;A2;a2;a;a;2;2;2;
KRIJP_20098_03030402_a3.djvu;A3;a3;a;a;3;3;3;
KRIJP_20099_03030403_a4.djvu;A4;a4;a;a;4;4;4;
KRIJP_20100_03030404_a5.djvu;A5;a5;a;a;5;5;5;
KRIJP_20101_03030405_a6.djvu;A6;a6;a;a;6;6;6;
KRIJP_20102_03030406_a7.djvu;A7;a7;a;a;7;7;7;
KRIJP_20189_03030407_aaron-abo.djvu;Aaron - Abo;aaron-abo;aaron;abo;1;1;8;
KRIJP_20191_03030409_abo-abundacyja.djvu;Abo-Abundacyja;abo-abundacyja;abo;abundacyja;1;1;9;
KRIJP_20190_03030408_aboabo-alboalbo-.djvu;Abo (Abo-,Albo,Albo-);aboabo-alboalbo-;abo (abo-,albo,albo-);abo (abo-,albo,albo-);1;1;10;
KRIJP_20192_03030412_aby-abowiem.djvu;Aby-Abowiem;aby-abowiem;aby;abowiem;1;1;11;Bad order
KRIJP_20195_03030411_aby3-abzac.djvu;Aby3 - Abzać;aby3-abzac;aby;abzac;3;1;12;
KRIJP_20194_03030410_aby2.djvu;Aby 2;aby2;aby ;aby ;2;2;13;
KRIJP_20196_03030413_acemetka-aftowac.djvu;Acemetka - Aftować;acemetka-aftowac;acemetka;aftować;1;1;14;
KRIJP_20197_03030414_aga-alczbant.djvu;Aga - Alczbant;aga-alczbant;aga;alczbant;1;1;15;
KRIJP_20199_03030415_ale.djvu;Ale;ale;ale;ale;1;1;16;
KRIJP_20201_03030417_ale2-albowiem.djvu;Ale2 - Albowiem;ale2-albowiem;ale;albowiem;2;1;17;Bad order
KRIJP_20200_03030416_ale2.djvu;Ale 2;ale2;ale ;ale ;2;2;18;
KRIJP_20202_03030418_aleat-angustyja.djvu;Aleat - Angustyja;aleat-angustyja;aleat;angustyja;1;1;19;
KRIJP_20204_03030419_ani.djvu;Ani;ani;ani;ani;1;1;20;
KRIJP_20205_03030420_anihilacja-apetytowy.djvu;Anihilacja - Apetytowy;anihilacja-apetytowy;anihilacja;apetytowy;1;1;21;
KRIJP_20278_03030421_apijski-arendka.djvu;Apijski - Arendka;apijski-arendka;apijski;arendka;1;1;22;
KRIJP_20280_03030422_arendowac-asystencja.djvu;Arendować - Asystencja;arendowac-asystencja;arendować;asystencja;1;1;23;
KRIJP_20285_03030423_asystent-az1.djvu;Asystent - Aż1;asystent-az1;asystent;aż;1;1;24;
KRIJP_20286_03030424_azur.djvu;Ażur;azur;ażur;ażur;1;1;25;
KRIJP_20288_03030429_b-bacsie.djvu;B - Bać się;b-bacsie;b;bać się;1;1;26;
KRIJP_20289_03030425_bacsie-bankierz.djvu;Bać się - Bankierz;bacsie-bankierz;bać się;bankierz;1;1;27;
KRIJP_20290_03030426_bankiet-barysznik.djvu;Bankiet - Barysznik;bankiet-barysznik;bankiet;barysznik;1;1;28;
KRIJP_20291_03030427_bardzo.djvu;Bardzo;bardzo;bardzo;bardzo;1;1;29;
KRIJP_20292_03030428_barzy-bakowy.djvu;Barzy - Bąkowy;barzy-bakowy;barzy;bąkowy;1;1;30;
KRIJP_20296_03030430_bdelion-bezksztalt.djvu;Bdelion - Bezkształt;bdelion-bezksztalt;bdelion;bezkształt;1;1;31;
KRIJP_20297_03030431_bezksztaltnie-bialog.djvu;Bezkształtnie - Białogliniaty;bezksztaltnie-bialog;bezkształtnie;białogliniaty;1;1;32;
KRIJP_20299_03030432_bialoglowa-bic1.djvu;Białogłowa - Bić1;bialoglowa-bic1;białogłowa;bić;1;1;33;
KRIJP_20303_03030433_bic2-biesiada.djvu;Bić2 - Biesiada;bic2-biesiada;bić;biesiada;2;1;34;
KRIJP_20301_03030434_biesiadka-blankiet.djvu;Biesiadka - Blankiet;biesiadka-blankiet;biesiadka;blankiet;1;1;35;
KRIJP_20305_03030435_blankietowy-bladzic.djvu;Blankietowy - Błądzić;blankietowy-bladzic;blankietowy;błądzić;1;1;36;
KRIJP_20304_03030436_blakacz-bogatostrojn.djvu;Błąkacz - Bogatostrojny;blakacz-bogatostrojn;błąkacz;bogatostrojny;1;1;37;
KRIJP_20306_03030437_bo.djvu;Bo;bo;bo;bo;1;1;38;
KRIJP_20307_03030438_bo2-bogini.djvu;Bo2 - Bogini;bo2-bogini;bo;bogini;2;1;39;
KRIJP_20309_03030439_bogna-bolesny.djvu;Bogna - Bolesny;bogna-bolesny;bogna;bolesny;1;1;40;
KRIJP_20311_03030440_bolesciwie-bozogrobs.djvu;Boleściwie - Bożogrobski;bolesciwie-bozogrobs;boleściwie;bożogrobski;1;1;41;
KRIJP_20332_03030441_bozy-bog1.djvu;Boży - Bóg1;bozy-bog1;boży;bóg;1;1;42;
KRIJP_20308_03030442_bog2.djvu;Bóg2;bog2;bóg;bóg;2;2;43;
KRIJP_20310_03030443_boj-brac.djvu;Bój - Brać;boj-brac;bój;brać;1;1;44;
KRIJP_20381_03030444_bracsie-brat1.djvu;Brać się - Brat1;bracsie-brat1;brać się;brat;1;1;45;
KRIJP_20380_03030445_brat2-bronic-sie.djvu;Brat2 - Bronić się;brat2-bronic-sie;brat;bronić się;2;1;46;
KRIJP_20382_03030446_bronienie-brzozka.djvu;Bronienie - Brzózka;bronienie-brzozka;bronienie;brzózka;1;1;47;
KRIJP_20383_03030447_brzuch-buksztelowac.djvu;Brzuch - Buksztelować;brzuch-buksztelowac;brzuch;buksztelować;1;1;48;
KRIJP_20384_03030448_bukwiany-byczynski.djvu;Bukwiany - Byczyński;bukwiany-byczynski;bukwiany;byczyński;1;1;49;
KRIJP_20385_03030449_by.djvu;By;by;by;by;1;1;50;
KRIJP_20388_03030450_byc1.djvu;Być1;byc1;być;być;1;1;51;
KRIJP_20386_03030454_byc2.djvu;Być2;byc2;być;być;2;2;52;
KRIJP_20392_03030455_byc3.djvu;Być3;byc3;być;być;3;3;53;
KRIJP_20393_03030456_byc4.djvu;Być4;byc4;być;być;4;4;54;
KRIJP_20387_03030457_byc5.djvu;Być5;byc5;być;być;5;5;55;
KRIJP_20394_03030458_byc6.djvu;Być6;byc6;być;być;6;6;56;
KRIJP_20395_03030459_byc7.djvu;Być7;byc7;być;być;7;7;57;
KRIJP_20396_03030460_byc8.djvu;Być8;byc8;być;być;8;8;58;
KRIJP_20397_03030461_byc9.djvu;Być9;byc9;być;być;9;9;59;
KRIJP_20389_03030451_byc10.djvu;Być10;byc10;być;być;10;10;60;
KRIJP_20390_03030452_byc11.djvu;Być11;byc11;być;być;11;11;61;
KRIJP_20391_03030453_byc12-bykowy.djvu;Być12 - Bykowy;byc12-bykowy;być;bykowy;12;1;62;
KRIJP_20398_03030462_byl-bzdzioszka.djvu;Był - Bździoszka;byl-bzdzioszka;był;bździoszka;1;1;63;
KRIJP_20399_03030464_c-caly.djvu;C - Cały;c-caly;c;cały;1;1;64;
KRIJP_20400_03030463_calycd-cel.djvu;Cały(c.d.) - Cel;calycd-cel;cały;cel;1;1;65;
KRIJP_20401_03030465_cela-cesarszczyk.djvu;Cela - Cesarszczyk;cela-cesarszczyk;cela;cesarszczyk;1;1;66;
KRIJP_20402_03030466_cesarz-cetnowy.djvu;Cesarz - Cętnowy;cesarz-cetnowy;cesarz;cętnowy;1;1;67;
KRIJP_20403_03030467_ch-chciec1.djvu;Ch - Chcieć1;ch-chciec1;ch;chcieć;1;1;68;
KRIJP_20404_03030468_chciec2.djvu;Chcieć2;chciec2;chcieć;chcieć;2;2;69;
KRIJP_20405_03030469_chciec3-checinski.djvu;Chcieć3 - Chęciński;chciec3-checinski;chcieć;chęciński;3;1;70;
KRIJP_20406_03030470_chec-chlodzic.djvu;Chęć - Chłodzić;chec-chlodzic;chęć;chłodzić;1;1;71;
KRIJP_20501_03030471_chlop-chmura.djvu;Chłop - Chmura;chlop-chmura;chłop;chmura;1;1;72;
KRIJP_20407_03030472_chmura.djvu;Chmura;chmura;chmura;chmura;1;1;73;
KRIJP_20408_03030473_chodziccd-chorastwo.djvu;Chodzić cd - Chorąstwo;chodziccd-chorastwo;chodzić cd;chorąstwo;1;1;74;
KRIJP_20429_03030474_chorazanka-chowac.djvu;Chorążanka - Chować;chorazanka-chowac;chorążanka;chować;1;1;75;
KRIJP_20430_03030475_chowacsie-chrzescija.djvu;Chować się - Chrześcijanin;chowacsie-chrzescija;chować się;chrześcijanin;1;1;76;
KRIJP_20431_03030476_chrzescijanin-chwaln.djvu;Chrześcijanin - Chwalny;chrzescijanin-chwaln;chrześcijanin;chwalny;1;1;77;
KRIJP_20500_03030477_chwal-chyzy.djvu;Chwał - Chyży;chwal-chyzy;chwał;chyży;1;1;78;
KRIJP_20502_03030479_ci-cialo.djvu;Ci - Cialo;ci-cialo;ci;cialo;1;1;79;
KRIJP_20503_03030478_cialowy-cielesnosc.djvu;Ciałowy - Cielesność;cialowy-cielesnosc;ciałowy;cielesność;1;1;80;
KRIJP_20504_03030480_cielesny-cieplowolny.djvu;Cielesny -- Ciepłowolny;cielesny-cieplowolny;cielesny;ciepłowolny;1;1;81;
KRIJP_20505_03030481_cieply-ciesn.djvu;Ciepły - Ciesń;cieply-ciesn;ciepły;ciesń;1;1;82;
KRIJP_20506_03030482_cietrzew-ciezko.djvu;Cietrzew - Ciężko;cietrzew-ciezko;cietrzew;ciężko;1;1;83;
KRIJP_20507_03030483_ciezkosc-cnota.djvu;Ciężkość - Cnota;ciezkosc-cnota;ciężkość;cnota;1;1;84;
KRIJP_20508_03030484_cnota-cd-co1.djvu;Cnota-cd - Co1;cnota-cd-co1;cnota;co;1;1;85;
KRIJP_20509_03030485_co2.djvu;Co2;co2;co;co;2;2;86;
KRIJP_20510_03030486_co3.djvu;Co3;co3;co;co;3;3;87;
KRIJP_20511_03030487_co4.djvu;Co4;co4;co;co;4;4;88;
KRIJP_20513_03030488_co5.djvu;Co5;co5;co;co;5;5;89;
KRIJP_20514_03030489_co6.djvu;Co6;co6;co;co;6;6;90;
KRIJP_20515_03030490_co7.djvu;Co7;co7;co;co;7;7;91;
KRIJP_20516_03030496_d-dac.djvu;D - Dać;d-dac;d;dać;1;1;92;
KRIJP_20521_03030491_dac2.djvu;Dać2;dac2;dać;dać;2;2;93;
KRIJP_20522_03030492_dac3-daleko1.djvu;Dać3 - Daleko1;dac3-daleko1;dać;daleko;3;1;94;
KRIJP_20518_03030493_daleko-darowizna.djvu;Daleko - Darowizna;daleko-darowizna;daleko;darowizna;1;1;95;
KRIJP_20519_03030494_darowanie-dawnosc.djvu;Darowanie - Dawność;darowanie-dawnosc;darowanie;dawność;1;1;96;
KRIJP_20520_03030495_dawny-deklaracja.djvu;Dawny - Deklaracja;dawny-deklaracja;dawny;deklaracja;1;1;97;
KRIJP_20524_03030497_deprymowac-dialektyk.djvu;Deprymować - Dialektyka;deprymowac-dialektyk;deprymować;dialektyka;1;1;98;
KRIJP_20525_03030498_dialog-dla1.djvu;Dialog - Dla1;dialog-dla1;dialog;dla;1;1;99;
KRIJP_20526_03030499_dla2-dlatego.djvu;Dla2 - Dlatego;dla2-dlatego;dla;dlatego;2;1;100;
KRIJP_20550_03030500_dlatego2-dlugo.djvu;Dlatego2 - Długo;dlatego2-dlugo;dlatego;długo;2;1;101;
KRIJP_21021_03030501_dlugobok-dnowac.djvu;Długobok - Dnować;dlugobok-dnowac;długobok;dnować;1;1;102;
KRIJP_21022_03030502_dlugobok-do1.djvu;Długobok - Do1;dlugobok-do1;długobok;do;1;1;103;
KRIJP_20551_03030503_do2.djvu;Do2;do2;do;do;2;2;104;
KRIJP_20553_03030504_do3.djvu;Do3;do3;do;do;3;3;105;
KRIJP_20555_03030505_do4.djvu;Do4;do4;do;do;4;4;106;
KRIJP_20557_03030506_do5.djvu;Do5;do5;do;do;5;5;107;
KRIJP_20560_03030507_do6.djvu;Do6;do6;do;do;6;6;108;
KRIJP_20561_03030508_do7.djvu;Do7;do7;do;do;7;7;109;
KRIJP_20562_03030509_do8.djvu;Do8;do8;do;do;8;8;110;
KRIJP_20563_03030510_do9-dobro.djvu;Do9 - Dobro;do9-dobro;do;dobro;9;1;111;
KRIJP_20564_03030511_dobrobiorca-dobry1.djvu;Dobrobiorca - Dobry1;dobrobiorca-dobry1;dobrobiorca;dobry;1;1;112;
KRIJP_20565_03030512_dobry2-dobrze1.djvu;Dobry2 - Dobrze1;dobry2-dobrze1;dobry;dobrze;2;1;113;
KRIJP_20566_03030513_dobrze2-docucic-sie.djvu;Dobrze2 - Docucić_się;dobrze2-docucic-sie;dobrze;docucić się;2;1;114;
KRIJP_20567_03030514_doczekac-dokaz.djvu;Doczekać - Dokaz;doczekac-dokaz;doczekać;dokaz;1;1;115;
KRIJP_20647_03030515_dokazac-dolyszek.djvu;Dokazać - Dołyszek;dokazac-dolyszek;dokazać;dołyszek;1;1;116;
KRIJP_20648_03030517_dom-doma.djvu;Dom - Doma;dom-doma;dom;doma;1;1;117;
KRIJP_20651_03030516_domacac-dopiekanie.djvu;Domacać - Dopiekanie;domacac-dopiekanie;domacać;dopiekanie;1;1;118;
KRIJP_20652_03030518_dopier-doskonalosc.djvu;Dopier - Doskonałość;dopier-doskonalosc;dopier;doskonałość;1;1;119;
KRIJP_20653_03030519_doskonaly-dostoic.djvu;Doskonały - Dostoić;doskonaly-dostoic;doskonały;dostoić;1;1;120;
KRIJP_20654_03030520_dostojenstwo-dotknac.djvu;Dostojeństwo - Dotknąć_się;dostojenstwo-dotknac;dostojeństwo;dotknąć się;1;1;121;
KRIJP_20655_03030521_dotknienie-doznawani.djvu;Dotknienie - Doznawanie;dotknienie-doznawani;dotknienie;doznawanie;1;1;122;
KRIJP_20656_03030522_dozolariusz-dol.djvu;Dozolariusz - Dół;dozolariusz-dol;dozolariusz;dół;1;1;123;
KRIJP_20657_03030523_drab-drobniusienko.djvu;Drab - Drobniusieńko;drab-drobniusienko;drab;drobniusieńko;1;1;124;
KRIJP_20659_03030524_drobno-droga.djvu;Drobno - Droga;drobno-droga;drobno;droga;1;1;125;
KRIJP_20798_03030525_drogeria-drugi1.djvu;Drogeria - Drugi1;drogeria-drugi1;drogeria;drugi;1;1;126;
KRIJP_20799_03030526_drugi2.djvu;Drugi2;drugi2;drugi;drugi;2;2;127;
KRIJP_20800_03030527_drugi3-dryfusek.djvu;Drugi3 - Dryfusęk;drugi3-dryfusek;drugi;dryfusęk;3;1;128;
KRIJP_20801_03030528_drygac-drzewowy.djvu;Drygać - Drzewowy;drygac-drzewowy;drygać;drzewowy;1;1;129;
KRIJP_20802_03030529_drzewsko-dudki.djvu;Drzewsko - Dudki;drzewsko-dudki;drzewsko;dudki;1;1;130;
KRIJP_20803_03030530_dudkowac-dusza.djvu;Dudkować - Dusza;dudkowac-dusza;dudkować;dusza;1;1;131;
KRIJP_20804_03030531_duszek-dwa1.djvu;Duszek - Dwa1;duszek-dwa1;duszek;dwa;1;1;132;
KRIJP_20805_03030532_dwa2-dwojdroze.djvu;Dwa2 - Dwojdroże;dwa2-dwojdroze;dwa;dwojdroże;2;1;133;
KRIJP_20806_03030533_dwoje-dworniczka.djvu;Dwoje - Dwórniczka;dwoje-dworniczka;dwoje;dwórniczka;1;1;134;
KRIJP_20807_03030534_dwu-dym.djvu;Dwu - Dym;dwu-dym;dwu;dym;1;1;135;
KRIJP_20808_03030535_dyma-dystrakacja.djvu;Dyma - Dystrakacja;dyma-dystrakacja;dyma;dystrakacja;1;1;136;
KRIJP_20809_03030536_dystrybucja-dziad.djvu;Dystrybucja - Dziad;dystrybucja-dziad;dystrybucja;dziad;1;1;137;
KRIJP_20810_03030537_dziadek-dzieciak.djvu;Dziadek - Dzieciak;dziadek-dzieciak;dziadek;dzieciak;1;1;138;
KRIJP_20811_03030538_dzieciaty-dziegiec.djvu;Dzieciaty - Dziegieć;dzieciaty-dziegiec;dzieciaty;dziegieć;1;1;139;
KRIJP_20812_03030539_dziegna-dzientilija.djvu;Dziegna - Dzientilija;dziegna-dzientilija;dziegna;dzientilija;1;1;140;
KRIJP_20815_03030540_dzien.djvu;Dzień;dzien;dzień;dzień;1;1;141;
KRIJP_21017_03030541_dzien2-dziesiaty.djvu;Dzień2 - Dziesiąty;dzien2-dziesiaty;dzień;dziesiąty;2;1;142;
KRIJP_20813_03030542_dziesienski-dzieciol.djvu;Dziesieński - Dzięcioł;dziesienski-dzieciol;dziesieński;dzięcioł;1;1;143;
KRIJP_21019_03030543_dzieg-dzisdzien.djvu;Dzięg - Dziśdzień;dzieg-dzisdzien;dzięg;dziśdzień;1;1;144;
KRIJP_21018_03030544_dziob-dzwon.djvu;Dziób - Dzwon;dziob-dzwon;dziób;dzwon;1;1;145;
KRIJP_21020_03030545_dzwonarz-egzedra.djvu;Dzwonarz - Egzedra;dzwonarz-egzedra;dzwonarz;egzedra;1;1;146;
KRIJP_21023_03030546_egzekucja-ekspediowa.djvu;Egzekucja - Ekspediowanie;egzekucja-ekspediowa;egzekucja;ekspediowanie;1;1;147;
KRIJP_21024_03030547_ekspedycja-emundowac.djvu;Ekspedycja - Emundować_się;ekspedycja-emundowac;ekspedycja;emundować się;1;1;148;
KRIJP_21025_03030548_emundowani-e.djvu;Emundowani - Ę;emundowani-e;emundowani;ę;1;1;149;
KRIJP_21026_03030550_f-faruz.djvu;F - Faruż;f-faruz;f;faruż;1;1;150;
KRIJP_21027_03030549_faryjski-filandzki.djvu;Faryjski - Filandzki;faryjski-filandzki;faryjski;filandzki;1;1;151;
KRIJP_21028_03030551_filar-folwarczyki.djvu;Filar - Folwarczyki;filar-folwarczyki;filar;folwarczyki;1;1;152;
KRIJP_21029_03030552_folwark-fortunarz.djvu;Folwark - Fortunarz;folwark-fortunarz;folwark;fortunarz;1;1;153;
KRIJP_21030_03030553_fortunat-frukty.djvu;Fortunat - Frukty;fortunat-frukty;fortunat;frukty;1;1;154;
KRIJP_21031_03030554_fruktowac-fyrynga.djvu;Fruktować - Fyrynga;fruktowac-fyrynga;fruktować;fyrynga;1;1;155;
KRIJP_21032_03030563_g-ganic.djvu;G - Ganić;g-ganic;g;ganić;1;1;156;
KRIJP_21033_03030555_ganienie-gbel.djvu;Ganienie - Gbeł;ganienie-gbel;ganienie;gbeł;1;1;157;
KRIJP_21034_03030556_gbur-gdy1.djvu;Gbur - Gdy1;gbur-gdy1;gbur;gdy;1;1;158;
KRIJP_21035_03030557_gdy2.djvu;Gdy2;gdy2;gdy;gdy;2;2;159;
KRIJP_21036_03030558_gdy3-gdykolwiek.djvu;Gdy3 - Gdykolwiek;gdy3-gdykolwiek;gdy;gdykolwiek;3;1;160;
KRIJP_21037_03030559_gdyrac-gdzie1.djvu;Gdyrać - Gdzie1;gdyrac-gdzie1;gdyrać;gdzie;1;1;161;
KRIJP_21038_03030560_gdzie2-gdziezkolwiek.djvu;Gdzie2 - Gdzieżkolwiek;gdzie2-gdziezkolwiek;gdzie;gdzieżkolwiek;2;1;162;
KRIJP_21039_03030561_gedeonowy-geba.djvu;Gedeonowy - Gęba;gedeonowy-geba;gedeonowy;gęba;1;1;163;
KRIJP_21227_03030562_gebacz-gladki.djvu;Gębacz - Gładki;gebacz-gladki;gębacz;gładki;1;1;164;
KRIJP_21228_03030564_gladko-glosny.djvu;Gładko - Głośny;gladko-glosny;gładko;głośny;1;1;165;
KRIJP_21229_03030565_glowa-glozny.djvu;Głowa - Głoźny;glowa-glozny;głowa;głoźny;1;1;166;
KRIJP_21230_03030566_glod-gnarowanie.djvu;Głód - Gnarowanie;glod-gnarowanie;głód;gnarowanie;1;1;167;
KRIJP_21116_03030567_gnat-godnosc.djvu;Gnat - Godność;gnat-godnosc;gnat;godność;1;1;168;
KRIJP_21117_03030568_godny-gogolka.djvu;Godny - Gogółka;godny-gogolka;godny;gogółka;1;1;169;
KRIJP_21119_03030569_gogust-goracozloty.djvu;Gogust - Gorącozłoty;gogust-goracozloty;gogust;gorącozłoty;1;1;170;
KRIJP_21216_03030570_goracy-gospod.djvu;Gorący - Gospod;goracy-gospod;gorący;gospod;1;1;171;
KRIJP_21217_03030571_gospoda-gosccowy.djvu;Gospoda - Gośccowy;gospoda-gosccowy;gospoda;gośccowy;1;1;172;
KRIJP_21218_03030572_gotowac-gora.djvu;Gotować - Góra;gotowac-gora;gotować;góra;1;1;173;
KRIJP_21226_03030573_gora2-gotowac-sie.djvu;Góra2 - Gotować_się;gora2-gotowac-sie;góra;gotować się;2;1;174;Bad order
KRIJP_21219_03030574_gramota-grodzic-sie.djvu;Gramota - Grodzić_się;gramota-grodzic-sie;gramota;grodzić się;1;1;175;
KRIJP_21221_03030575_grodzienski-grob.djvu;Grodzieński - Grób;grodzienski-grob;grodzieński;grób;1;1;176;
KRIJP_21224_03030576_grobarka-grypsac.djvu;Gróbarka - Grypsać;grobarka-grypsac;gróbarka;grypsać;1;1;177;
KRIJP_21222_03030577_grys-grzeczny.djvu;Grys - Grzeczny;grys-grzeczny;grys;grzeczny;1;1;178;
KRIJP_21223_03030578_grzeczny-gwaltem.djvu;Grzeczny - Gwałtem;grzeczny-gwaltem;grzeczny;gwałtem;1;1;179;
KRIJP_21225_03030579_gwaltownie-gzenie-si.djvu;Gwałtownie - Gżenie_się;gwaltownie-gzenie-si;gwałtownie;gżenie się;1;1;180;
KRIJP_21231_03030583_h-hardo.djvu;H - Hardo;h-hardo;h;hardo;1;1;181;
KRIJP_21232_03030580_hardodurny-heretyk.djvu;Hardodurny - Heretyk;hardodurny-heretyk;hardodurny;heretyk;1;1;182;
KRIJP_21233_03030581_herezja-hetman.djvu;Herezja - Hetman;herezja-hetman;herezja;hetman;1;1;183;
KRIJP_21234_03030582_hetmanic-hold.djvu;Hetmanić - Hołd;hetmanic-hold;hetmanić;hołd;1;1;184;
KRIJP_21235_03030584_holdowac-humiliatka.djvu;Hołdować - Humiliatka;holdowac-humiliatka;hołdować;humiliatka;1;1;185;
KRIJP_21236_03030585_humor-hyza.djvu;Humor - Hyża;humor-hyza;humor;hyża;1;1;186;
KRIJP_21310_03030586_i1.djvu;I1;i1;i;i;1;1;187;
KRIJP_21321_03030597_i2.djvu;I2;i2;i;i;2;2;188;
KRIJP_21327_03030602_i3.djvu;I3;i3;i;i;3;3;189;
KRIJP_21328_03030603_i4.djvu;I4;i4;i;i;4;4;190;
KRIJP_21329_03030604_i5.djvu;I5;i5;i;i;5;5;191;
KRIJP_21330_03030605_i6.djvu;I6;i6;i;i;6;6;192;
KRIJP_21331_03030606_i7.djvu;I7;i7;i;i;7;7;193;
KRIJP_21332_03030607_i8.djvu;I8;i8;i;i;8;8;194;
KRIJP_21333_03030608_i9.djvu;I9;i9;i;i;9;9;195;
KRIJP_21311_03030587_i10.djvu;I10;i10;i;i;10;10;196;
KRIJP_21312_03030588_i11.djvu;I11;i11;i;i;11;11;197;
KRIJP_21313_03030589_i12.djvu;I12;i12;i;i;12;12;198;
KRIJP_21314_03030590_i13.djvu;I13;i13;i;i;13;13;199;
KRIJP_21315_03030591_i14.djvu;I14;i14;i;i;14;14;200;
KRIJP_21316_03030592_i15.djvu;I15;i15;i;i;15;15;201;
KRIJP_21317_03030593_i16.djvu;I16;i16;i;i;16;16;202;
KRIJP_21318_03030594_i17.djvu;I17;i17;i;i;17;17;203;
KRIJP_21319_03030595_i18.djvu;I18;i18;i;i;18;18;204;
KRIJP_21320_03030596_i19.djvu;I19;i19;i;i;19;19;205;
KRIJP_21323_03030598_i20.djvu;I20;i20;i;i;20;20;206;
KRIJP_21324_03030599_i21.djvu;I21;i21;i;i;21;21;207;
KRIJP_21325_03030600_i22.djvu;I22;i22;i;i;22;22;208;
KRIJP_21326_03030601_i23-ilacja.djvu;I23 - Ilacja;i23-ilacja;i;ilacja;23;1;209;
KRIJP_21334_03030609_ile-imie.djvu;Ile - Imię;ile-imie;ile;imię;1;1;210;
KRIJP_21335_03030610_imacz-importowac.djvu;Imacz - Importować;imacz-importowac;imacz;importować;1;1;211;
KRIJP_21337_03030611_indyjczyk-inowierny.djvu;Indyjczyk - Inowierny;indyjczyk-inowierny;indyjczyk;inowierny;1;1;212;
KRIJP_21338_03030612_inny-insystowanie.djvu;Inny - Insystowanie;inny-insystowanie;inny;insystowanie;1;1;213;
KRIJP_21339_03030613_inszy.djvu;Inszy;inszy;inszy;inszy;1;1;214;
KRIJP_21340_03030614_intabulacja-intrata.djvu;Intabulacja - Intrata;intabulacja-intrata;intabulacja;intrata;1;1;215;
KRIJP_21341_03030615_intratka-iscizna.djvu;Intratka - Iścizna;intratka-iscizna;intratka;iścizna;1;1;216;
KRIJP_21342_03030616_isc.djvu;Iść;isc;iść;iść;1;1;217;
KRIJP_21343_03030617_isccow-izraelski.djvu;Iśćców - Izraelski;isccow-izraelski;iśćców;izraelski;1;1;218;
KRIJP_21344_03030618_iz-izec.djvu;Iż - Iżeć;iz-izec;iż;iżeć;1;1;219;
KRIJP_21375_03030619_ja1.djvu;Ja1;ja1;ja;ja;1;1;220;
KRIJP_21376_03030620_ja2.djvu;Ja2;ja2;ja;ja;2;2;221;
KRIJP_21377_03030621_ja3.djvu;Ja3;ja3;ja;ja;3;3;222;
KRIJP_21378_03030622_ja4-jagniecy.djvu;Ja4 - Jagnięcy;ja4-jagniecy;ja;jagnięcy;4;1;223;
KRIJP_21379_03030623_jagoda-jak1.djvu;Jagoda - Jak1;jagoda-jak1;jagoda;jak;1;1;224;
KRIJP_21380_03030624_jak2-jakby.djvu;Jak2 - Jakby;jak2-jakby;jak;jakby;2;1;225;
KRIJP_21381_03030625_jaki.djvu;Jaki;jaki;jaki;jaki;1;1;226;
KRIJP_21382_03030626_jakikolwiek-jakmiarz.djvu;Jakikolwiek - Jakmiarz;jakikolwiek-jakmiarz;jakikolwiek;jakmiarz;1;1;227;
KRIJP_21383_03030627_jako1.djvu;Jako1;jako1;jako;jako;1;1;228;
KRIJP_21384_03030628_jako2.djvu;Jako2;jako2;jako;jako;2;2;229;
KRIJP_21385_03030629_jako3.djvu;Jako3;jako3;jako;jako;3;3;230;
KRIJP_21386_03030630_jako4.djvu;Jako4;jako4;jako;jako;4;4;231;
KRIJP_21387_03030631_jakobita-jalat.djvu;Jakobita - Jałat;jakobita-jalat;jakobita;jałat;1;1;232;
KRIJP_21390_03030632_jalmulka-jaskoleczka.djvu;Jałmułka - Jaskółeczka;jalmulka-jaskoleczka;jałmułka;jaskółeczka;1;1;233;
KRIJP_21388_03030633_jaskolka-jawny.djvu;Jaskółka - Jawny;jaskolka-jawny;jaskółka;jawny;1;1;234;
KRIJP_21389_03030634_jawolka-jechowa.djvu;Jawołka - Jechowa;jawolka-jechowa;jawołka;jechowa;1;1;235;
KRIJP_21391_03030635_jeden1.djvu;Jeden1;jeden1;jeden;jeden;1;1;236;
KRIJP_21392_03030636_jeden2.djvu;Jeden2;jeden2;jeden;jeden;2;2;237;
KRIJP_21393_03030637_jeden3-jednac.djvu;Jeden3 - Jednać;jeden3-jednac;jeden;jednać;3;1;238;
KRIJP_21394_03030638_jednak.djvu;Jednak;jednak;jednak;jednak;1;1;239;
KRIJP_21395_03030639_jednaki-jedynowlasny.djvu;Jednaki - Jedynowłasny;jednaki-jedynowlasny;jednaki;jedynowłasny;1;1;240;
KRIJP_21396_03030640_jedyny-jelen.djvu;Jedyny - Jeleń;jedyny-jelen;jedyny;jeleń;1;1;241;
KRIJP_21397_03030641_jelenski-jeszcze1.djvu;Jeleński - Jeszcze1;jelenski-jeszcze1;jeleński;jeszcze;1;1;242;
KRIJP_21398_03030642_jeszcze2-jescca.djvu;Jeszcze2 - Jeśćca;jeszcze2-jescca;jeszcze;jeśćca;2;1;243;
KRIJP_21400_03030643_jesli-jeslize.djvu;Jeśli - Jeśliże;jesli-jeslize;jeśli;jeśliże;1;1;244;
KRIJP_21399_03030644_jewa-jezdzenie.djvu;Jewa - Jeżdżenie;jewa-jezdzenie;jewa;jeżdżenie;1;1;245;
KRIJP_21401_03030645_jeze-jezyk.djvu;Jeże - Język;jeze-jezyk;jeże;język;1;1;246;
KRIJP_21404_03030646_jezyk2-juz1.djvu;Język2 - Już1;jezyk2-juz1;język;już;2;1;247;
KRIJP_21402_03030647_juz2.djvu;Już2;juz2;już;już;2;2;248;
KRIJP_21403_03030648_juz3-juzze.djvu;Już3 - Jużże;juz3-juzze;już;jużże;3;1;249;
KRIJP_21405_03030661_k-kalaga.djvu;K - Kałaga;k-kalaga;k;kałaga;1;1;250;
KRIJP_21479_03030649_kalakucki-kamien.djvu;Kałakucki - Kamień;kalakucki-kamien;kałakucki;kamień;1;1;251;
KRIJP_21406_03030650_kamienczarz-kanzona.djvu;Kamieńczarz - Kanzona;kamienczarz-kanzona;kamieńczarz;kanzona;1;1;252;
KRIJP_21480_03030651_kanczug-kara.djvu;Kańczug - Kara;kanczug-kara;kańczug;kara;1;1;253;
KRIJP_21475_03030652_karab-karmicielka.djvu;Karab - Karmicielka;karab-karmicielka;karab;karmicielka;1;1;254;
KRIJP_21476_03030653_karmic-kasztelanka.djvu;Karmić - Kasztelanka;karmic-kasztelanka;karmić;kasztelanka;1;1;255;
KRIJP_21477_03030654_kasztelanowa-kazac1.djvu;Kasztelanowa - Kazać1;kasztelanowa-kazac1;kasztelanowa;kazać;1;1;256;
KRIJP_21478_03030655_kazac2-kazdy1.djvu;Kazać2 - Każdy1;kazac2-kazdy1;kazać;każdy;2;1;257;
KRIJP_21481_03030656_kazdy2-kasek.djvu;Każdy2 - Kasek;kazdy2-kasek;każdy;kąsek;2;1;258;
KRIJP_35100_03030657_kat-kiedy1.djvu;Kąt - Kiedy1;kat-kiedy1;kąt;kiedy;1;1;259;
KRIJP_21482_03030658_kiedy2-kielkadziesia.djvu;Kiedy2 - Kielkadziesiąt;kiedy2-kielkadziesia;kiedy;kielkadziesiąt;2;1;260;
KRIJP_21483_03030659_kielnia-kilkanascior.djvu;Kielnia - Kilkanaścioro;kielnia-kilkanascior;kielnia;kilkanaścioro;1;1;261;
KRIJP_21484_03030660_kilkaset-klepka.djvu;Kilkaset - Klepka;kilkaset-klepka;kilkaset;klepka;1;1;262;
KRIJP_21485_03030662_klepki-klopoty.djvu;Klepki - Kłopoty;klepki-klopoty;klepki;kłopoty;1;1;263;
KRIJP_35099_03030663_klos-kochanek.djvu;Kłos - Kochanek;klos-kochanek;kłos;kochanek;1;1;264;
KRIJP_21486_03030664_kochane-kolnikowy.djvu;Kochane - Kolnikowy;kochane-kolnikowy;kochane;kolnikowy;1;1;265;
KRIJP_21487_03030665_kolny-kolowrotny.djvu;Kolny - Kołowrotny;kolny-kolowrotny;kolny;kołowrotny;1;1;266;
KRIJP_35102_03030666_kolowrot-kompan.djvu;Kołowrót - Kompan;kolowrot-kompan;kołowrót;kompan;1;1;267;
KRIJP_21488_03030667_kompania-kandytura.djvu;Kompania - Kandytura;kompania-kandytura;kompania;kondytura;1;1;268;
KRIJP_21489_03030668_konegundzin-koniec1.djvu;Konegundzin - Koniec1;konegundzin-koniec1;konegundzin;koniec;1;1;269;
KRIJP_21490_03030669_koniec2-konstelacja.djvu;Koniec2 - Konstelacja;koniec2-konstelacja;koniec;konstelacja;2;1;270;
KRIJP_21491_03030670_konsternacja-konwers.djvu;Konsternacja - Konwersowanie;konsternacja-konwers;konsternacja;konwersowanie;1;1;271;
KRIJP_21492_03030671_konwertyk-konczaty.djvu;Konwertyk - Kończaty;konwertyk-konczaty;konwertyk;kończaty;1;1;272;
KRIJP_35103_03030672_konczenie-korfanty.djvu;Kończenie - Korfanty;konczenie-korfanty;kończenie;korfanty;1;1;273;
KRIJP_21493_03030673_koriander-korzenny.djvu;Koriander - Korzenny;koriander-korzenny;koriander;korzenny;1;1;274;
KRIJP_21494_03030674_korzen-kosztywalowy.djvu;Korzeń - Kosztywałowy;korzen-kosztywalowy;korzeń;kosztywałowy;1;1;275;
KRIJP_21495_03030675_koszula-kosny.djvu;Koszula - Kośny;koszula-kosny;koszula;kośny;1;1;276;
KRIJP_21496_03030676_kot-kozy.djvu;Kot - Koży;kot-kozy;kot;koży;1;1;277;
KRIJP_21569_03030677_kol-krakusow.djvu;Kół - Krakusów;kol-krakusow;kół;krakusów;1;1;278;
KRIJP_21570_03030678_kralica-krew1.djvu;Kralica - Krew1;kralica-krew1;kralica;krew;1;1;279;
KRIJP_21571_03030679_krew2-krosninski.djvu;Krew2 - Krośniński;krew2-krosninski;krew;krośniński;2;1;280;
KRIJP_21572_03030680_krotochwila-krol1.djvu;Krotochwila - Król1;krotochwila-krol1;krotochwila;król;1;1;281;
KRIJP_21573_03030681_krol2.djvu;Król2;krol2;król;król;2;2;282;
KRIJP_21574_03030682_krolestwo-krolowa1.djvu;Królestwo - Królowa1;krolestwo-krolowa1;królestwo;królowa;1;1;283;
KRIJP_21575_03030683_krolowa2-kryjowka.djvu;Królowa2 - Kryjówka;krolowa2-kryjowka;królowa;kryjówka;2;1;284;
KRIJP_21576_03030684_kryks-krzyzik.djvu;Kryks - Krzyzik;kryks-krzyzik;kryks;krzyzik;1;1;285;
KRIJP_21577_03030685_krzyz-ksiaze.djvu;Krzyż - Książę;krzyz-ksiaze;krzyż;książę;1;1;286;
KRIJP_21578_03030686_ksiaze2-ktemu.djvu;Książę2 - Ktemu;ksiaze2-ktemu;książę;ktemu;2;1;287;
KRIJP_21579_03030687_kto1.djvu;Kto1;kto1;kto;kto;1;1;288;
KRIJP_21580_03030688_kto2-ktory1.djvu;Kto2 - Który1;kto2-ktory1;kto;który;2;1;289;
KRIJP_21581_03030689_ktory2.djvu;Który2;ktory2;który;który;2;2;290;
KRIJP_21582_03030690_ktory3.djvu;Który3;ktory3;który;który;3;3;291;
KRIJP_21583_03030691_ktory4.djvu;Który4;ktory4;który;który;4;4;292;
KRIJP_21584_03030692_ktory5.djvu;Który5;ktory5;który;który;5;5;293;
KRIJP_21585_03030693_ktory6.djvu;Który6;ktory6;który;który;6;6;294;
KRIJP_21586_03030694_ktory7.djvu;Który7;ktory7;który;który;7;7;295;
KRIJP_21587_03030695_ktorykolwiek-kuchmis.djvu;Którykolwiek - Kuchmistrzowski;ktorykolwiek-kuchmis;którykolwiek;kuchmistrzowski;1;1;296;
KRIJP_21588_03030696_kuchnia-kupiec1.djvu;Kuchnia - Kupiec1;kuchnia-kupiec1;kuchnia;kupiec;1;1;297;
KRIJP_21589_03030697_kupiec2-kuszyk.djvu;Kupiec2 - Kuszyk;kupiec2-kuszyk;kupiec;kuszyk;2;1;298;
KRIJP_21590_03030698_kus-kwiatyszek.djvu;Kuś - Kwiatyszek;kus-kwiatyszek;kuś;kwiatyszek;1;1;299;
KRIJP_21591_03030699_kwiczal-kysil.djvu;Kwiczał - Kysil;kwiczal-kysil;kwiczał;kysil;1;1;300;
KRIJP_21655_03030708_l-latac.djvu;L - Latać;l-latac;l;latać;1;1;301;
KRIJP_21592_03030700_latajacy-lecha.djvu;Latający - Lecha;latajacy-lecha;latający;lecha;1;1;302;
KRIJP_21593_03030701_lechicki-ledwy.djvu;Lechicki - Ledwy;lechicki-ledwy;lechicki;ledwy;1;1;303;
KRIJP_21594_03030702_ledylce-leniwy.djvu;Ledylce - Leniwy;ledylce-leniwy;ledylce;leniwy;1;1;304;
KRIJP_21650_03030703_lenman-lew.djvu;Lenman - Lew;lenman-lew;lenman;lew;1;1;305;
KRIJP_21651_03030704_lewa-lichwierski.djvu;Lewa - Lichwierski;lewa-lichwierski;lewa;lichwierski;1;1;306;
KRIJP_21652_03030705_lichy-lis.djvu;Lichy - Lis;lichy-lis;lichy;lis;1;1;307;
KRIJP_21653_03030706_lisawy-liscisty.djvu;Lisawy - Liścisty;lisawy-liscisty;lisawy;liścisty;1;1;308;
KRIJP_21654_03030707_lisc-lub.djvu;Liść - Lub;lisc-lub;liść;lub;1;1;309;
KRIJP_21656_03030709_lubaczewski-ludzie.djvu;Lubaczewski - Ludzie;lubaczewski-ludzie;lubaczewski;ludzie;1;1;310;
KRIJP_21657_03030710_ludzie2.djvu;Ludzie2;ludzie2;ludzie;ludzie;2;2;311;
KRIJP_21658_03030711_ludzie3-lzywy.djvu;Ludzie3 - Lżywy;ludzie3-lzywy;ludzie;lżywy;3;1;312;
KRIJP_21661_03030714_l-lasic-sie.djvu;Ł - Łasić się;l-lasic-sie;ł;łasić się;1;1;313;
KRIJP_21659_03030712_laska-lebsko.djvu;Łaska - Łebsko;laska-lebsko;łaska;łebsko;1;1;314;
KRIJP_21660_03030713_lechcenie-lodnik.djvu;Łechcenie - Łódnik;lechcenie-lodnik;łechcenie;łódnik;1;1;315;
KRIJP_21662_03030715_lodz-lyzwy.djvu;Łódź - Łyżwy;lodz-lyzwy;łódź;łyżwy;1;1;316;
KRIJP_21690_03030739_m-majetnosc.djvu;M - Majętność;m-majetnosc;m;majętność;1;1;317;
KRIJP_21663_03030716_majetnosc2-malpi.djvu;Majętność2 - Małpi;majetnosc2-malpi;majętność;małpi;2;1;318;
KRIJP_21664_03030717_malpica-maniery.djvu;Małpica - Maniery;malpica-maniery;małpica;maniery;1;1;319;
KRIJP_21665_03030718_manifaktura-marszalk.djvu;Manifaktura - Marszałkowski;manifaktura-marszalk;manifaktura;marszałkowski;1;1;320;
KRIJP_21666_03030719_marszalkowstwo-matka.djvu;Marszałkowstwo - Matka1;marszalkowstwo-matka;marszałkowstwo;matka;1;1;321;
KRIJP_21667_03030720_matka2-maz1.djvu;Matka2 - Mąż1;matka2-maz1;matka;mąż;2;1;322;
KRIJP_21668_03030721_maz2-merkuryjusz.djvu;Mąż2 - Merkuryjusz;maz2-merkuryjusz;mąż;merkuryjusz;2;1;323;
KRIJP_21669_03030722_merkuriuszowski-mial.djvu;Merkuriuszowski - Miałki;merkuriuszowski-mial;merkuriuszowski;miałki;1;1;324;
KRIJP_21670_03030723_mialko-miasto1.djvu;Miałko - Miasto1;mialko-miasto1;miałko;miasto;1;1;325;
KRIJP_21671_03030724_miasto2-miecz.djvu;Miasto2 - Miecz;miasto2-miecz;miasto;miecz;2;1;326;
KRIJP_21672_03030725_miec6-miejsce1.djvu;Miec6 - Miejsce1;miec6-miejsce1;miec;miejsce;6;1;327;
KRIJP_21673_03030726_miecznicki-miec1.djvu;Miecznicki - Mieć1;miecznicki-miec1;miecznicki;mieć;1;1;328;
KRIJP_21674_03030727_miec2.djvu;Mieć2;miec2;mieć;mieć;2;2;329;
KRIJP_21675_03030728_miec3.djvu;Mieć3;miec3;mieć;mieć;3;3;330;
KRIJP_21676_03030729_miec4.djvu;Mieć4;miec4;mieć;mieć;4;4;331;
KRIJP_21677_03030730_miec5.djvu;Mieć5;miec5;mieć;mieć;5;5;332;
KRIJP_21678_03030731_miejsce2-miesiac.djvu;Miejsce2 - Miesiąc;miejsce2-miesiac;miejsce;miesiąc;2;1;333;
KRIJP_21679_03030732_miesiacowy-mieszkann.djvu;Miesiącowy - Mieszkanny;miesiacowy-mieszkann;miesiącowy;mieszkanny;1;1;334;
KRIJP_21680_03030733_mieszkiwac-miekki.djvu;Mieszkiwać - Miękki;mieszkiwac-miekki;mieszkiwać;miękki;1;1;335;
KRIJP_21681_03030734_miekko-milek.djvu;Miękko - Miłek;miekko-milek;miękko;miłek;1;1;336;
KRIJP_21686_03030735_milo-mily1.djvu;Miło - Miły1;milo-mily1;miło;miły;1;1;337;
KRIJP_21687_03030736_mily2-mistrz.djvu;Miły2 - Mistrz;mily2-mistrz;miły;mistrz;2;1;338;
KRIJP_21688_03030737_mistrzac-mlodziez.djvu;Mistrzać - Młodzież;mistrzac-mlodziez;mistrzać;młodzież;1;1;339;
KRIJP_21689_03030738_mlodzik-mnozyciel.djvu;Młodzik - Mnożyciel;mlodzik-mnozyciel;młodzik;mnożyciel;1;1;340;
KRIJP_21691_03030740_mnozyc-modlitwenik.djvu;Mnożyć - Modlitwenik;mnozyc-modlitwenik;mnożyć;modlitwenik;1;1;341;
KRIJP_21692_03030741_modlitwa-mordy.djvu;Modlitwa - Mordy;modlitwa-mordy;modlitwa;mordy;1;1;342;
KRIJP_21693_03030742_morela-moskwa.djvu;Morela - Moskwa;morela-moskwa;morela;moskwa;1;1;343;
KRIJP_21694_03030743_moskwicin-mozyrski.djvu;Moskwicin - Możyrski;moskwicin-mozyrski;moskwicin;możyrski;1;1;344;
KRIJP_21695_03030744_moc1.djvu;Móc1;moc1;móc;móc;1;1;345;
KRIJP_21696_03030745_moc2.djvu;Móc2;moc2;móc;móc;2;2;346;
KRIJP_21697_03030746_moc3-moj1.djvu;Móc3 - Mój1;moc3-moj1;móc;mój;3;1;347;
KRIJP_21698_03030747_moj2-mowic1.djvu;Mój2 - Mówić1;moj2-mowic1;mój;mówić;2;1;348;
KRIJP_21699_03030748_mowic2-mrowkowy.djvu;Mówić2 - Mrówkowy;mowic2-mrowkowy;mówić;mrówkowy;2;1;349;
KRIJP_21700_03030749_mroz-murzysko.djvu;Mróz - Murzysko;mroz-murzysko;mróz;murzysko;1;1;350;
KRIJP_21701_03030750_mus-my1.djvu;Mus - My1;mus-my1;mus;my;1;1;351;
KRIJP_21702_03030751_my2.djvu;My2;my2;my;my;2;2;352;
KRIJP_21703_03030752_my3-mzytek.djvu;My3 - Mżytek;my3-mzytek;my;mżytek;3;1;353;
KRIJP_21704_03030753_na1.djvu;Na1;na1;na;na;1;1;354;
KRIJP_21705_03030755_na2.djvu;Na2;na2;na;na;2;2;355;
KRIJP_21706_03030756_na3.djvu;Na3;na3;na;na;3;3;356;
KRIJP_21707_03030757_na4.djvu;Na4;na4;na;na;4;4;357;
KRIJP_21708_03030758_na5.djvu;Na5;na5;na;na;5;5;358;
KRIJP_21709_03030759_na6.djvu;Na6;na6;na;na;6;6;359;
KRIJP_21710_03030760_na7.djvu;Na7;na7;na;na;7;7;360;
KRIJP_21711_03030761_na8.djvu;Na8;na8;na;na;8;8;361;
KRIJP_21712_03030762_na9.djvu;Na9;na9;na;na;9;9;362;
KRIJP_21713_03030754_na10.djvu;Na10;na10;na;na;10;10;363;
KRIJP_21714_03030763_nababac-nac.djvu;Nababać - Nać;nababac-nac;nababać;nać;1;1;364;
KRIJP_21716_03030765_nad-nadany.djvu;Nad - Nadany;nad-nadany;nad;nadany;1;1;365;
KRIJP_21715_03030764_nadaremnie-nadziwowa.djvu;Nadaremnie - Nadziwować się;nadaremnie-nadziwowa;nadaremnie;nadziwować się;1;1;366;
KRIJP_21771_03030766_nadzwyczaj-najpierw.djvu;Nadzwyczaj - Najpierw;nadzwyczaj-najpierw;nadzwyczaj;najpierw;1;1;367;
KRIJP_21772_03030767_najpierwszy-nalezec1.djvu;Najpierwszy - Należeć1;najpierwszy-nalezec1;najpierwszy;należeć;1;1;368;
KRIJP_21773_03030768_nalezec2-namowka.djvu;Należeć2 - Namówka;nalezec2-namowka;należeć;namówka;2;1;369;
KRIJP_21774_03030769_namroka-napomku.djvu;Namroka - Na pomku;namroka-napomku;namroka;na pomku;1;1;370;Bad order
KRIJP_21775_03030770_napomnic-narozny.djvu;Napomnić - Narożny;napomnic-narozny;napomnić;narożny;1;1;371;
KRIJP_21777_03030771_narod-nastepny.djvu;Naród - Następny;narod-nastepny;naród;następny;1;1;372;
KRIJP_21778_03030772_nastepowac-nasz1.djvu;Następować - Nasz1;nastepowac-nasz1;następować;nasz;1;1;373;
KRIJP_21779_03030773_nasz2-natancowac.djvu;Nasz2 - Natańcować;nasz2-natancowac;nasz;natańcować;2;1;374;
KRIJP_21780_03030774_natarcie-nauka1.djvu;Natarcie - Nauka1;natarcie-nauka1;natarcie;nauka;1;1;375;
KRIJP_21781_03030775_nauka2-nawznak.djvu;Nauka2 - Na wznak;nauka2-nawznak;nauka;na wznak;2;1;376;Bad order
KRIJP_21782_03030776_nazabijac-nazwany.djvu;Nazabijać - Nazwany;nazabijac-nazwany;nazabijać;nazwany;1;1;377;
KRIJP_21783_03030777_nazwisko-nic1.djvu;Nazwisko - Nic1;nazwisko-nic1;nazwisko;nic;1;1;378;
KRIJP_21784_03030778_nic2-nie1.djvu;Nic2 - Nie1;nic2-nie1;nic;nie;2;1;379;
KRIJP_21785_03030780_nie2.djvu;Nie2;nie2;nie;nie;2;2;380;
KRIJP_21786_03030781_nie3.djvu;Nie3;nie3;nie;nie;3;3;381;
KRIJP_21787_03030782_nie4.djvu;Nie4;nie4;nie;nie;4;4;382;
KRIJP_21788_03030783_nie5.djvu;Nie5;nie5;nie;nie;5;5;383;
KRIJP_21789_03030784_nie6.djvu;Nie6;nie6;nie;nie;6;6;384;
KRIJP_21790_03030785_nie7.djvu;Nie7;nie7;nie;nie;7;7;385;
KRIJP_21791_03030786_nie8.djvu;Nie8;nie8;nie;nie;8;8;386;
KRIJP_21792_03030787_nie9.djvu;Nie9;nie9;nie;nie;9;9;387;
KRIJP_21793_03030779_nie10.djvu;Nie10;nie10;nie;nie;10;10;388;
KRIJP_21794_03030788_nieborak-niechec.djvu;Nieborak - Niechęć;nieborak-niechec;nieborak;niechęć;1;1;389;
KRIJP_21795_03030789_niechedogi-niedostat.djvu;Niechędogi - Niedostatni;niechedogi-niedostat;niechędogi;niedostatni;1;1;390;
KRIJP_21796_03030790_niedostatnie-niektor.djvu;Niedostatnie - Niektóry1;niedostatnie-niektor;niedostatnie;niektóry;1;1;391;
KRIJP_21797_03030791_niektory2-niemocny.djvu;Niektóry2 - Niemocny;niektory2-niemocny;niektóry;niemocny;2;1;392;
KRIJP_21799_03030792_niemodno-niepodmuska.djvu;Niemodno - Niepodmuskany;niemodno-niepodmuska;niemodno;niepodmuskany;1;1;393;
KRIJP_21800_03030793_niepodoba-nieprzyjac.djvu;Niepodoba - Nieprzyjaciel1;niepodoba-nieprzyjac;niepodoba;nieprzyjaciel;1;1;394;
KRIJP_21801_03030794_nieprzyjaciel2-niesk.djvu;Nieprzyjaciel2 - Nieskończony;nieprzyjaciel2-niesk;nieprzyjaciel;nieskończony;2;1;395;
KRIJP_21802_03030795_nieskor-nieszczesnik.djvu;Nieskor - Nieszczęśnik;nieskor-nieszczesnik;nieskor;nieszczęśnik;1;1;396;
KRIJP_21803_03030796_nieszdoronliwosc-nie.djvu;Nieszdoronliwość - Niewiadomość;nieszdoronliwosc-nie;nieszdoronliwość;niewiadomość;1;1;397;
KRIJP_21804_03030797_niewiadomy-niewzrusz.djvu;Niewiadomy - Niewzruszony;niewiadomy-niewzrusz;niewiadomy;niewzruszony;1;1;398;
KRIJP_21805_03030798_niezabawny-nigdy1.djvu;Niezabawny - Nigdy1;niezabawny-nigdy1;niezabawny;nigdy;1;1;399;
KRIJP_21806_03030799_nigdy2-nitryjenski.djvu;Nigdy2 - Nitryjeński;nigdy2-nitryjenski;nigdy;nitryjeński;2;1;400;
KRIJP_21951_03030800_niwa-noc1.djvu;Niwa - Noc1;niwa-noc1;niwa;noc;1;1;401;
KRIJP_21953_03030801_noc2-nos.djvu;Noc2 - Nos;noc2-nos;noc;nos;2;1;402;
KRIJP_21954_03030802_nosacina-nowy1.djvu;Nosacina - Nowy1;nosacina-nowy1;nosacina;nowy;1;1;403;
KRIJP_21956_03030803_nowy2-nyski.djvu;Nowy2 - Nyski;nowy2-nyski;nowy;nyski;2;1;404;
KRIJP_21959_03030804_o1.djvu;O1;o1;o;o;1;1;405;
KRIJP_21962_03030805_o2.djvu;O2;o2;o;o;2;2;406;
KRIJP_21964_03030806_o3.djvu;O3;o3;o;o;3;3;407;
KRIJP_21965_03030807_oba-obcy.djvu;Oba - Obcy;oba-obcy;oba;obcy;1;1;408;
KRIJP_21967_03030808_obcyg-obiecz.djvu;Obcyg - Obiecz;obcyg-obiecz;obcyg;obiecz;1;1;409;
KRIJP_21968_03030809_obiedni-oblubienica.djvu;Obiedni - Oblubienica;obiedni-oblubienica;obiedni;oblubienica;1;1;410;
KRIJP_21971_03030810_oblubieniec-obozik.djvu;Oblubieniec - Obozik;oblubieniec-obozik;oblubieniec;obozik;1;1;411;
KRIJP_21972_03030811_obraz-obrocic.djvu;Obraz - Obrócić;obraz-obrocic;obraz;obrócić;1;1;412;
KRIJP_21974_03030812_obrocicsie-obawianie.djvu;Obrócić się - Obawianie;obrocicsie-obawianie;obrócić się;obwianie;1;1;413;
KRIJP_21976_03030813_obwiaslo-ocho.djvu;Obwiąsło - Ocho;obwiaslo-ocho;obwiąsło;ocho;1;1;414;
KRIJP_21978_03030814_ochocze-ocwiczyc.djvu;Ochocze - Oćwiczyć;ochocze-ocwiczyc;ochocze;oćwiczyć;1;1;415;
KRIJP_21979_03030815_od1.djvu;Od1;od1;od;od;1;1;416;
KRIJP_21981_03030816_od2.djvu;Od2;od2;od;od;2;2;417;
KRIJP_21983_03030817_od3.djvu;Od3;od3;od;od;3;3;418;
KRIJP_21985_03030818_oda-oddawacz.djvu;Oda - Oddawacz;oda-oddawacz;oda;oddawacz;1;1;419;
KRIJP_21987_03030819_oddawac-odjacsie.djvu;Oddawać - Odjąć się;oddawac-odjacsie;oddawać;odjąć się;1;1;420;
KRIJP_21989_03030820_odjechac-odmienicsie.djvu;Odjechać - Odmienić się;odjechac-odmienicsie;odjechać;odmienić się;1;1;421;
KRIJP_21990_03030821_odmieniec-odpowiedz.djvu;Odmieniec - Odpowiedź;odmieniec-odpowiedz;odmieniec;odpowiedź;1;1;422;
KRIJP_21992_03030822_odpor-odrzucony.djvu;Odpór - Odrzucony;odpor-odrzucony;odpór;odrzucony;1;1;423;
KRIJP_21994_03030823_odrzut-odwodzicsie.djvu;Odrzut - Odwodzić się;odrzut-odwodzicsie;odrzut;odwodzić się;1;1;424;
KRIJP_21996_03030824_odwolac-ogien1.djvu;Odwołać - Ogień1;odwolac-ogien1;odwołać;ogień;1;1;425;
KRIJP_21997_03030825_ogien-ogrodzicsie.djvu;Ogień - Ogrodzić się;ogien-ogrodzicsie;ogień;ogrodzić się;1;1;426;
KRIJP_21999_03030826_ogrodziec-ojczyn.djvu;Ogrodziec - Ojczyn;ogrodziec-ojczyn;ogrodziec;ojczyn;1;1;427;
KRIJP_22000_03030827_ojczyna-oknowy.djvu;Ojczyna - Oknowy;ojczyna-oknowy;ojczyna;oknowy;1;1;428;
KRIJP_22003_03030829_oko-okolo1.djvu;Oko - Około1;oko-okolo1;oko;około;1;1;429;
KRIJP_22001_03030828_okolo2-okryc.djvu;Około2 - Okryć;okolo2-okryc;około;okryć;2;1;430;
KRIJP_22004_03030830_okrycsie-omieszkac.djvu;Okryć się - Omieszkać;okrycsie-omieszkac;okryć się;omieszkać;1;1;431;
KRIJP_22005_03030831_omieszkanie-on1.djvu;Omieszkanie - On1;omieszkanie-on1;omieszkanie;on;1;1;432;
KRIJP_22007_03030835_on2.djvu;On2;on2;on;on;2;2;433;
KRIJP_22098_03030836_on3.djvu;On3;on3;on;on;3;3;434;
KRIJP_22099_03030837_on4.djvu;On4;on4;on;on;4;4;435;
KRIJP_22100_03030838_on5.djvu;On5;on5;on;on;5;5;436;
KRIJP_22101_03030839_on6.djvu;On6;on6;on;on;6;6;437;
KRIJP_22102_03030840_on7.djvu;On7;on7;on;on;7;7;438;
KRIJP_22103_03030841_on8.djvu;On8;on8;on;on;8;8;439;
KRIJP_22104_03030842_on9.djvu;On9;on9;on;on;9;9;440;
KRIJP_22105_03030832_on10.djvu;On10;on10;on;on;10;10;441;
KRIJP_22107_03030833_on11.djvu;On11;on11;on;on;11;11;442;
KRIJP_22108_03030834_on12-opatrzycsie.djvu;On12 - Opatrzyć się;on12-opatrzycsie;on;opatrzyć się;12;1;443;
KRIJP_22109_03030843_opatski-opor.djvu;Opatski - Opór;opatski-opor;opatski;opór;1;1;444;
KRIJP_22111_03030844_opozniac-orda.djvu;Opóźniać - Orda;opozniac-orda;opóźniać;orda;1;1;445;
KRIJP_22112_03030845_order-osadzic1.djvu;Order - Osądzić1;order-osadzic1;order;osądzić;1;1;446;
KRIJP_22113_03030846_osadzic2-osoba.djvu;Osądzić2 - Osoba;osadzic2-osoba;osądzić;osoba;2;1;447;
KRIJP_22114_03030847_osobca-ostatek.djvu;Osobca - Ostatek;osobca-ostatek;osobca;ostatek;1;1;448;
KRIJP_22115_03030848_ostatki-ostyjenski.djvu;Ostatki - Ostyjeński;ostatki-ostyjenski;ostatki;ostyjeński;1;1;449;
KRIJP_22116_03030849_osuch-oto.djvu;Osuch - Oto;osuch-oto;osuch;oto;1;1;450;
KRIJP_22117_03030850_otoczyc-owdowiony.djvu;Otoczyć - Owdowiony;otoczyc-owdowiony;otoczyć;owdowiony;1;1;451;
KRIJP_22118_03030851_owdzie-ozioniowy.djvu;Owdzie - Ozioniowy;owdzie-ozioniowy;owdzie;ozioniowy;1;1;452;
KRIJP_22119_03030852_ozlacac-owze.djvu;Ozłacać - Ówże;ozlacac-owze;ozłacać;ówże;1;1;453;
KRIJP_22455_03030915_p-paletowy.djvu;P - Paletowy;p-paletowy;p;paletowy;1;1;454;
KRIJP_22120_03030853_palica-pan1.djvu;Palica - Pan1;palica-pan1;palica;pan;1;1;455;
KRIJP_22121_03030854_pan2.djvu;Pan2;pan2;pan;pan;2;2;456;
KRIJP_22122_03030855_pan3.djvu;Pan3;pan3;pan;pan;3;3;457;
KRIJP_22123_03030856_pan4-panazbawicielow.djvu;Pana4 - Pana Zbawicielowy;pan4-panazbawicielow;pana;pana zbawicielowy;4;1;458;
KRIJP_22124_03030857_panacea-panna1.djvu;Panacea - Panna1;panacea-panna1;panacea;panna;1;1;459;
KRIJP_22125_03030858_panna2-panstwo1.djvu;Panna2 - Państwo1;panna2-panstwo1;panna;państwo;2;1;460;
KRIJP_22126_03030859_panstwo2-partyjka.djvu;Państwo2 - Partyjka;panstwo2-partyjka;państwo;partyjka;2;1;461;
KRIJP_22127_03030860_partyka-pasc1.djvu;Partyka - Paść1;partyka-pasc1;partyka;paść;1;1;462;
KRIJP_22128_03030861_pasc2-pec.djvu;Paść2 - Peć;pasc2-pec;paść;peć;2;1;463;
KRIJP_22129_03030862_pedac-perswadowac.djvu;Pedać - Perswadować;pedac-perswadowac;pedać;perswadować;1;1;464;
KRIJP_22130_03030863_perswazja-pedzic1.djvu;Perswazja - Pędzić1;perswazja-pedzic1;perswazja;pędzić;1;1;465;
KRIJP_22131_03030864_pedzic2-piechota1.djvu;Pędzić2 - Piechota1;pedzic2-piechota1;pędzić;piechota;2;1;466;
KRIJP_22132_03030865_piechota2-pieniadz1.djvu;Piechota2 - Pieniądz1;piechota2-pieniadz1;piechota;pieniądz;2;1;467;
KRIJP_22133_03030866_pieniadz2-pierwotny.djvu;Pieniądz2 - Pierwotny;pieniadz2-pierwotny;pieniądz;pierwotny;2;1;468;
KRIJP_22272_03030867_pierwozec-pieseczek.djvu;Pierwożęć - Pieseczek;pierwozec-pieseczek;pierwożęć;pieseczek;1;1;469;
KRIJP_22273_03030868_piesek-pietkowy.djvu;Piesek - Piętkowy;piesek-pietkowy;piesek;piętkowy;1;1;470;
KRIJP_22274_03030869_pietnastak-pinsk.djvu;Piętnastak - Pińsk;pietnastak-pinsk;piętnastak;pińsk;1;1;471;
KRIJP_22275_03030870_piolenek-pisac.djvu;Piołenek - Pisać;piolenek-pisac;piołenek;pisać;1;1;472;
KRIJP_22276_03030871_pisan-placacya.djvu;Pisan - Placacya;pisan-placacya;pisan;placacya;1;1;473;
KRIJP_22277_03030872_placek-plugawy.djvu;Placek - Plugawy;placek-plugawy;placek;plugawy;1;1;474;
KRIJP_22278_03030873_plunac-plec.djvu;Plunąć - Płeć;plunac-plec;plunąć;płeć;1;1;475;
KRIJP_22279_03030874_plesz-pniowy.djvu;Płesz - Pniowy;plesz-pniowy;płesz;pniowy;1;1;476;
KRIJP_22280_03030875_po1.djvu;Po1;po1;po;po;1;1;477;
KRIJP_22281_03030876_po2.djvu;Po2;po2;po;po;2;2;478;
KRIJP_22282_03030877_po3-poboczny.djvu;Po3 - Poboczny;po3-poboczny;po;poboczny;3;1;479;
KRIJP_22283_03030878_pobodzic-pochopny.djvu;Pobodzić - Pochopny;pobodzic-pochopny;pobodzić;pochopny;1;1;480;
KRIJP_22284_03030879_pochopowac-poczac.djvu;Pochopować - Począć;pochopowac-poczac;pochopować;począć;1;1;481;
KRIJP_22285_03030880_poczac.djvu;Począć;poczac;począć;począć;1;1;482;
KRIJP_22286_03030881_pod1.djvu;Pod1;pod1;pod;pod;1;1;483;
KRIJP_22287_03030882_pod2-podawienie.djvu;Pod2 - Podawienie;pod2-podawienie;pod;podawienie;2;1;484;
KRIJP_22288_03030883_podbial-podejrzany.djvu;Podbiał - Podejrzany;podbial-podejrzany;podbiał;podejrzany;1;1;485;
KRIJP_22289_03030884_podejscie-podluzyc.djvu;Podejście - Podłużyć;podejscie-podluzyc;podejście;podłużyć;1;1;486;
KRIJP_22290_03030885_podly-podobny1.djvu;Podły - Podobny1;podly-podobny1;podły;podobny;1;1;487;
KRIJP_22291_03030886_podobny2-podstawowac.djvu;Podobny2 - Podstawować;podobny2-podstawowac;podobny;podstawować;2;1;488;
KRIJP_22438_03030902_postapic-poezja.djvu;Postąpić - Poezja;postapic-poezja;podstąpić;poezja;1;1;489;
KRIJP_22292_03030887_pofaldowac-pogryzc.djvu;Pofałdować - Pogryźć;pofaldowac-pogryzc;pofałdować;pogryźć;1;1;490;
KRIJP_22293_03030888_pogrzeb-pokarm.djvu;Pogrzeb - Pokarm;pogrzeb-pokarm;pogrzeb;pokarm;1;1;491;
KRIJP_22294_03030889_pokos-pokuta.djvu;Pokos - Pokuta;pokos-pokuta;pokos;pokuta;1;1;492;
KRIJP_22295_03030890_pokutnik-polewka.djvu;Pokutnik - Polewka;pokutnik-polewka;pokutnik;polewka;1;1;493;
KRIJP_22296_03030891_polewnik-polotrowac.djvu;Polewnik - Połotrować;polewnik-polotrowac;polewnik;połotrować;1;1;494;
KRIJP_22297_03030892_polowa-pomiarowy.djvu;Połowa - Pomiarowy;polowa-pomiarowy;połowa;pomiarowy;1;1;495;
KRIJP_22298_03030893_pomiata-pomowka.djvu;Pomiata - Pomówka;pomiata-pomowka;pomiata;pomówka;1;1;496;
KRIJP_22299_03030894_pompa-ponosic.djvu;Pompa - Ponosić;pompa-ponosic;pompa;ponosić;1;1;497;
KRIJP_22300_03030895_ponosowszczyzna-popr.djvu;Ponosowszczyzna - Poprawić;ponosowszczyzna-popr;ponosowszczyzna;poprawić;1;1;498;
KRIJP_22301_03030896_poprawic.djvu;Poprawić;poprawic;poprawić;poprawić;1;1;499;
KRIJP_22430_03030897_porozkrywac-porzadny.djvu;Porozkrywać - Porządny;porozkrywac-porzadny;porozkrywać;porządny;1;1;500;
KRIJP_22432_03030898_porzadzac-posidlic.djvu;Porządzać - Posidlić;porzadzac-posidlic;porządzać;posidlić;1;1;501;
KRIJP_22433_03030899_posiec-posluszny.djvu;Posiec - Posłuszny;posiec-posluszny;posiec;posłuszny;1;1;502;
KRIJP_22434_03030900_posluzyc-postanowic.djvu;Posłużyć - Postanowić;posluzyc-postanowic;posłużyć;postanowić;1;1;503;
KRIJP_22436_03030901_postanowic-postrzeze.djvu;Postanowić - Postrzeżenie;postanowic-postrzeze;postanowić;postrzeżenie;1;1;504;
KRIJP_22441_03030903_postrzepic-potajemni.djvu;Postrzępić - Potajemnik;postrzepic-potajemni;postrzępić;potajemnik;1;1;505;
KRIJP_22442_03030904_potajemno-potega.djvu;Potajemno - Potęga;potajemno-potega;potajemno;potęga;1;1;506;
KRIJP_22443_03030905_potepa-potrojny.djvu;Potępa - Potrójny;potepa-potrojny;potępa;potrójny;1;1;507;
KRIJP_22444_03030906_potruchlaly-potrzebo.djvu;Potruchlały - Potrzebować1;potruchlaly-potrzebo;potruchlały;potrzebować;1;1;508;
KRIJP_22445_03030907_potrzebowac2-powiada.djvu;Potrzebować2 - Powiadaczka;potrzebowac2-powiada;potrzebować;powiadaczka;2;1;509;
KRIJP_22447_03030908_powiadac-po.djvu;Powiadać - Po;powiadac-po;powiadać;po wierzchu;1;1;510;Bad order
KRIJP_22448_03030909_powierzenie-powitani.djvu;Powierzenie - Powitanie;powierzenie-powitani;powierzenie;powitanie;1;1;511;
KRIJP_22450_03030910_powklejac-powszechny.djvu;Powklejać - Powszechny;powklejac-powszechny;powklejać;powszechny;1;1;512;
KRIJP_22451_03030911_powszedni-pozorowac.djvu;Powszedni - Pozorować;powszedni-pozorowac;powszedni;pozorować;1;1;513;
KRIJP_22452_03030912_pozostac-pozyczyc.djvu;Pozostać - Pożyczyć;pozostac-pozyczyc;pozostać;pożyczyć;1;1;514;
KRIJP_22453_03030913_pozyc-poki1.djvu;Pożyć - Póki1;pozyc-poki1;pożyć;póki;1;1;515;
KRIJP_22454_03030914_poki2-pozny.djvu;Póki2 - Późny;poki2-pozny;póki;późny;2;1;516;
KRIJP_22456_03030916_prababa-prawda1.djvu;Prababa - Prawda1;prababa-prawda1;prababa;prawda;1;1;517;
KRIJP_22457_03030917_prawda2-prawo1.djvu;Prawda2 - Prawo1;prawda2-prawo1;prawda;prawo;2;1;518;
KRIJP_22458_03030918_prawo2-pretekscik.djvu;Prawo2 - Pretekścik;prawo2-pretekscik;prawo;pretekścik;2;1;519;
KRIJP_22459_03030919_pretendencja-priwile.djvu;Pretendencja - Priwilegium;pretendencja-priwile;pretendencja;priwilegium;1;1;520;
KRIJP_22460_03030920_probacja-proporzec.djvu;Probacja - Proporzec;probacja-proporzec;probacja;proporzec;1;1;521;
KRIJP_22461_03030921_propozycja-proskumic.djvu;Propozycja - Proskumica;propozycja-proskumic;propozycja;proskumica;1;1;522;
KRIJP_22462_03030922_proso-prowadzon.djvu;Proso - Prowadzon;proso-prowadzon;proso;prowadzon;1;1;523;
KRIJP_22463_03030923_prowodyr-prymas.djvu;Prowodyr - Prymas;prowodyr-prymas;prowodyr;prymas;1;1;524;
KRIJP_22464_03030924_prymasowstwo-przecho.djvu;Prymasowstwo - Przechorować;prymasowstwo-przecho;prymasowstwo;przechorować;1;1;525;
KRIJP_22465_03030925_przechowywac-przeciw.djvu;Przechowywać - Przeciwko;przechowywac-przeciw;przechowywać;przeciwko;1;1;526;
KRIJP_22466_03030926_przeciwlezacy-przed1.djvu;Przeciwleżący - Przed1;przeciwlezacy-przed1;przeciwleżący;przed;1;1;527;
KRIJP_22467_03030927_przed2-przedswitny.djvu;Przed2 - Przedświtny;przed2-przedswitny;przed;przedświtny;2;1;528;
KRIJP_22468_03030928_przedtem-przeklety.djvu;Przedtem - Przeklęty;przedtem-przeklety;przedtem;przeklęty;1;1;529;
KRIJP_22469_03030929_przeklinacz-przenico.djvu;Przeklinacz - Przenicować;przeklinacz-przenico;przeklinacz;przenicować;1;1;530;
KRIJP_22470_03030930_przenie-przepytywac.djvu;Przenie - Przepytywać;przenie-przepytywac;przenie;przepytywać;1;1;531;
KRIJP_22471_03030931_przerabiac-przestrze.djvu;Przerabiać - Przestrzegać;przerabiac-przestrze;przerabiać;przestrzegać;1;1;532;
KRIJP_22472_03030932_przestrzegac-przetrz.djvu;Przestrzegać - Przetrząść;przestrzegac-przetrz;przestrzegać;przetrząść;1;1;533;
KRIJP_22473_03030933_przetrzec-przez1.djvu;Przetrzeć - Przez1;przetrzec-przez1;przetrzeć;przez;1;1;534;
KRIJP_22474_03030934_przez2.djvu;Przez2;przez2;przez;przez;2;2;535;
KRIJP_22475_03030935_przezacnie-przy1.djvu;Przezacnie - Przy1;przezacnie-przy1;przezacnie;przy;1;1;536;
KRIJP_22476_03030936_przy2-przyblizyc.djvu;Przy2 - Przybliżyć;przy2-przyblizyc;przy;przybliżyć;2;1;537;
KRIJP_22477_03030937_przyblakac-przyczyna.djvu;Przybłąkać - Przyczyna1;przyblakac-przyczyna;przybłąkać;przyczyna;1;1;538;
KRIJP_22478_03030938_przyczyna2-przygorzk.djvu;Przyczyna2 - Przygorzkniejszym;przyczyna2-przygorzk;przyczyna;przygorzkniejszym;2;1;539;
KRIJP_22479_03030939_przygotowac-przyjech.djvu;Przygotować - Przyjechać1;przygotowac-przyjech;przygotować;przyjechać;1;1;540;
KRIJP_22480_03030940_przyjechac2-przyjsc1.djvu;Przyjechać2 - Przyjść1;przyjechac2-przyjsc1;przyjechać;przyjść;2;1;541;
KRIJP_22481_03030941_przyjsc2-przylegnac.djvu;Przyjść2 - Przylegnać;przyjsc2-przylegnac;przyjść;przylegnać;2;1;542;
KRIJP_22482_03030942_przyleniwszy-przynie.djvu;Przyleniwszy - Przynieść1;przyleniwszy-przynie;przyleniwszy;przynieść;1;1;543;
KRIJP_22483_03030943_przyniesc2-przeplywa.djvu;Przynieść2 - Przepływać;przyniesc2-przeplywa;przynieść;przypływać;2;1;544;
KRIJP_22484_03030944_przypnac-przysiadac.djvu;Przypnąć - Przysiadać;przypnac-przysiadac;przypnąć;przysiadać;1;1;545;
KRIJP_22485_03030945_przysiadany-przystep.djvu;Przysiadany - Przystępny;przysiadany-przystep;przysiadany;przystępny;1;1;546;
KRIJP_22486_03030946_przystepowac-przywie.djvu;Przystępować - Przywierek;przystepowac-przywie;przystępować;przywierek;1;1;547;
KRIJP_22488_03030947_przywiesc-przyzwanie.djvu;Przywieść - Przyzwanie;przywiesc-przyzwanie;przywieść;przyzwanie;1;1;548;
KRIJP_22489_03030948_przyzwoicie-ptyzanna.djvu;Przyzwoicie - Ptyzanna;przyzwoicie-ptyzanna;przyzwoicie;ptyzanna;1;1;549;
KRIJP_22490_03030949_publiczna-puppa.djvu;Publiczna - Puppa;publiczna-puppa;publiczna;puppa;1;1;550;
KRIJP_22491_03030950_pur-puscic.djvu;Pur - Puścić;pur-puscic;pur;puścić;1;1;551;
KRIJP_22492_03030951_puscic-pyzdrski.djvu;Puścić - Pyzdrski;puscic-pyzdrski;puścić;pyzdrski;1;1;552;
KRIJP_22493_03030952_rabanina-rad.djvu;Rabanina - Rad;rabanina-rad;rabanina;rad;1;1;553;
KRIJP_22494_03030953_rada-rajtaria.djvu;Rada - Rajtaria;rada-rajtaria;rada;rajtaria;1;1;554;
KRIJP_22495_03030954_rajtarka-ratunk.djvu;Rajtarka - Ratunk;rajtarka-ratunk;rajtarka;ratunk;1;1;555;
KRIJP_22496_03030955_ratusz-raczeta.djvu;Ratusz - Raczeta;ratusz-raczeta;ratusz;rączęta;1;1;556;
KRIJP_22497_03030956_raczka-rejmentowac.djvu;Rączka - Rejmentować;raczka-rejmentowac;rączka;rejmentować;1;1;557;
KRIJP_22499_03030957_rejnant-resposta.djvu;Rejnant - Respota;rejnant-resposta;rejnant;respota;1;1;558;
KRIJP_22500_03030958_respublika-reka1.djvu;Respublika - Ręka;respublika-reka1;respublika;ręka;1;1;559;
KRIJP_22501_03030959_reka2-robic.djvu;Ręka2 - Robić;reka2-robic;ręka;robić;2;1;560;
KRIJP_22502_03030960_robic2-rodzice.djvu;Robić2 - Rodzice;robic2-rodzice;robić;rodzice;2;1;561;
KRIJP_22503_03030961_rodziciel-rok1.djvu;Rodziciel - Rok1;rodziciel-rok1;rodziciel;rok;1;1;562;
KRIJP_22504_03030962_rok2-rotman.djvu;Rok2 - Rotman;rok2-rotman;rok;rotman;2;1;563;
KRIJP_22506_03030963_rotmistrz-rozdzielic.djvu;Rotmistrz - Rozdzielić;rotmistrz-rozdzielic;rotmistrz;rozdzielić;1;1;564;
KRIJP_22680_03030964_rozdzielic-sie-rozka.djvu;Rozdzielić się - Rozkazywanie;rozdzielic-sie-rozka;rozdzielić się;rozkazywanie;1;1;565;
KRIJP_22681_03030965_rozkasac-rozmyslac.djvu;Rozkąsać - Rozmyslać;rozkasac-rozmyslac;rozkąsać;rozmyslać;1;1;566;
KRIJP_22682_03030966_rozmyslacsie-rozryso.djvu;Rozmyslać się - Rozrysowac się;rozmyslacsie-rozryso;rozmyslać się;rozrysowac się;1;1;567;
KRIJP_22683_03030967_rozrywacz-rozum1.djvu;Rozrywacz - Rozum1;rozrywacz-rozum1;rozrywacz;rozum;1;1;568;
KRIJP_22684_03030968_rozum2-rozwiezywacsi.djvu;Rozum2 - Rozwięzywać się;rozum2-rozwiezywacsi;rozum;rozwięzywać się;2;1;569;
KRIJP_22685_03030969_rozwijac-rozga.djvu;Rozwijać - Rózga;rozwijac-rozga;rozwijać;rózga;1;1;570;
KRIJP_22686_03030970_roza-ruchomosc.djvu;Róża - Ruchomosć;roza-ruchomosc;róża;ruchomosć;1;1;571;
KRIJP_22688_03030971_ruchomy-ruszyc.djvu;Ruchomy - Ruszyć;ruchomy-ruszyc;ruchomy;ruszyć;1;1;572;
KRIJP_22691_03030972_ruszycsie-rygowanies.djvu;Ruszyć się - Rygowanie się;ruszycsie-rygowanies;ruszyć się;rygowanie się;1;1;573;
KRIJP_22693_03030973_rygski-rzasa.djvu;Rygski - Rząsa;rygski-rzasa;rygski;rząsa;1;1;574;
KRIJP_22694_03030974_rzec-rzecz1.djvu;Rzec - Rzecz1;rzec-rzecz1;rzec;rzecz;1;1;575;
KRIJP_22695_03030975_rzecz2-rzeczpospolit.djvu;Rzecz2 - Rzeczpospolita1;rzecz2-rzeczpospolit;rzecz;rzeczpospolita;2;1;576;
KRIJP_22696_03030976_rzeczpospolita2-rzez.djvu;Rzeczpospolita2 - Rzezak;rzeczpospolita2-rzez;rzeczpospolita;rzezak;2;1;577;
KRIJP_22697_03030977_rzezalna-saft.djvu;Rzezalna - Saft;rzezalna-saft;rzezalna;saft;1;1;578;
KRIJP_22698_03030978_sag-sam1.djvu;Sag - Sam1;sag-sam1;sag;sam;1;1;579;
KRIJP_22699_03030979_sam2.djvu;Sam2;sam2;sam;sam;2;2;580;
KRIJP_22700_03030980_sam3-sarmatycki.djvu;Sam3 - Sarmatycki;sam3-sarmatycki;sam;sarmatycki;3;1;581;
KRIJP_22701_03030981_sarn-schodzeniesie.djvu;Sarn - Schodzenie się;sarn-schodzeniesie;sarn;schodzenie się;1;1;582;
KRIJP_22702_03030982_schodzic-sejmik1.djvu;Schodzić - Sejmik1;schodzic-sejmik1;schodzić;sejmik;1;1;583;
KRIJP_22703_03030983_sejmik2-sentencyjka.djvu;Sejmik2 - Sentencyjka;sejmik2-sentencyjka;sejmik;sentencyjka;2;1;584;
KRIJP_22704_03030984_sentencyjonowac-sery.djvu;Sentencyjonować - Seryf;sentencyjonowac-sery;sentencyjonować;seryf;1;1;585;
KRIJP_22705_03030985_serykanin-siec.djvu;Serykan(in) - Sieć;serykanin-siec;serykan;sieć;1;1;586;
KRIJP_22706_03030986_siedem-siezerdza.djvu;Siedem - Siezerdza;siedem-siezerdza;siedem;siezerdza;1;1;587;
KRIJP_22707_03030987_siedy-sirotki.djvu;Siedy - Sirotki;siedy-sirotki;siedy;sirotki;1;1;588;
KRIJP_22708_03030988_sie1.djvu;Się1;sie1;się;się;1;1;589;
KRIJP_22709_03030989_sie2.djvu;Się2;sie2;się;się;2;2;590;
KRIJP_22710_03030990_sie3.djvu;Się3;sie3;się;się;3;3;591;
KRIJP_22711_03030991_sie4.djvu;Się4;sie4;się;się;4;4;592;
KRIJP_22712_03030992_sie5.djvu;Się5;sie5;się;się;5;5;593;
KRIJP_22713_03030993_sie6.djvu;Się6;sie6;się;się;6;6;594;
KRIJP_22714_03030994_sistemma-skad1.djvu;Sistemma - Skąd1;sistemma-skad1;sistemma;skąd;1;1;595;
KRIJP_22715_03030995_skad2-skokiem.djvu;Skąd2 - Skokiem;skad2-skokiem;skąd;skokiem;2;1;596;
KRIJP_22716_03030996_skokliwy-skorka.djvu;Skokliwy - Skórka;skokliwy-skorka;skokliwy;skórka;1;1;597;
KRIJP_22717_03030997_skornia-skrzynka.djvu;Skórnia - Skrzynka;skornia-skrzynka;skórnia;skrzynka;1;1;598;
KRIJP_22718_03030998_skrzynka-slawa1.djvu;Skrzynka - Sława1;skrzynka-slawa1;skrzynka;sława;1;1;599;
KRIJP_22720_03030999_slawa2-slonce1.djvu;Sława2 - Słońce1;slawa2-slonce1;sława;słońce;2;1;600;
KRIJP_22721_03031000_slonce2-sluchac1.djvu;Słońce2 - Słuchać1;slonce2-sluchac1;słońce;słuchać;2;1;601;
KRIJP_22722_03031001_sluchac2-sluszny.djvu;Słuchać2 - Słuszny;sluchac2-sluszny;słuchać;słuszny;2;1;602;
KRIJP_22852_03031002_sluszy-slyszec1.djvu;Słuszy - Słyszeć1;sluszy-slyszec1;słuszy;słyszeć;1;1;603;
KRIJP_22719_03031003_slyszec2-snadniec.djvu;Słyszeć2 - Snadnieć;slyszec2-snadniec;słyszeć;snadnieć;2;1;604;
KRIJP_22853_03031004_snadniuchno-sowity.djvu;Snadniuchno - Sowity;snadniuchno-sowity;snadniuchno;sowity;1;1;605;
KRIJP_22854_03031005_sowizralski-spiczka.djvu;Sowiźralski - Spiczka;sowizralski-spiczka;sowiźralski;spiczka;1;1;606;
KRIJP_22857_03031006_spic-spojny.djvu;Spić - Spojny;spic-spojny;spić;spojny;1;1;607;
KRIJP_22860_03031007_spojrzec-sposob1.djvu;Spojrzeć - Sposób1;spojrzec-sposob1;spojrzeć;sposób;1;1;608;
KRIJP_22863_03031008_sposob2-sprawa1.djvu;Sposób2 - Sprawa1;sposob2-sprawa1;sposób;sprawa;2;1;609;
KRIJP_22868_03031009_sprawa2-sprinca.djvu;Sprawa2 - Sprinca;sprawa2-sprinca;sprawa;sprinca;2;1;610;
KRIJP_22871_03031010_sprofanowac-spyza.djvu;Sprofanować - Spyża;sprofanowac-spyza;sprofanować;spyża;1;1;611;
KRIJP_22872_03031011_sraczka-stac1.djvu;Sraczka - Stać1;sraczka-stac1;sraczka;stać;1;1;612;
KRIJP_22874_03031012_stac2-stalny.djvu;Stać2 - Stalny;stac2-stalny;stać;stalny;2;1;613;
KRIJP_22875_03031013_stalonka-staniesie.djvu;Stalonka - Stanie się;stalonka-staniesie;stalonka;stanie się;1;1;614;
KRIJP_22876_03031014_staniec-staroscinski.djvu;Stanieć - Starościński;staniec-staroscinski;stanieć;starościński;1;1;615;
KRIJP_22877_03031015_starosc-statecznie.djvu;Starość - Statecznie;starosc-statecznie;starość;statecznie;1;1;616;
KRIJP_22878_03031016_stateczno-stad1.djvu;Stateczno - Stąd1;stateczno-stad1;stateczno;stąd;1;1;617;
KRIJP_22879_03031017_stad2-stolica.djvu;Stąd2 - Stolica;stad2-stolica;stąd;stolica;2;1;618;
KRIJP_22880_03031018_stolica2-strach.djvu;Stolica2 - Strach;stolica2-strach;stolica;strach;2;1;619;
KRIJP_22881_03031019_strachac-strogowanie.djvu;Strachać - Strogowanie;strachac-strogowanie;strachać;strogowanie;1;1;620;
KRIJP_22882_03031020_stroic-strozyna.djvu;Stroić - Stróżyna;stroic-strozyna;stroić;stróżyna;1;1;621;
KRIJP_22883_03031021_strucelka-strzelny.djvu;Strucełka - Strzelny;strucelka-strzelny;strucełka;strzelny;1;1;622;
KRIJP_22884_03031022_strzemieniowy-suchen.djvu;Strzemieniowy - Suchęniowski;strzemieniowy-suchen;strzemieniowy;suchęniowski;1;1;623;
KRIJP_22885_03031023_sucho-sumienie1.djvu;Sucho - Sumienie1;sucho-sumienie1;sucho;sumienie;1;1;624;
KRIJP_22886_03031024_sumienie2-swojszczyz.djvu;Sumienie2 - Swojszczyzna;sumienie2-swojszczyz;sumienie;swojszczyzna;2;1;625;
KRIJP_22888_03031025_swora-swoj1.djvu;Swora - Swój1;swora-swoj1;swora;swój;1;1;626;
KRIJP_22889_03031026_swoj2.djvu;Swój2;swoj2;swój;swój;2;2;627;
KRIJP_22890_03031027_swoj3.djvu;Swój3;swoj3;swój;swój;3;3;628;
KRIJP_22891_03031028_swoj4-swywolny.djvu;Swój4 - Swywolny;swoj4-swywolny;swój;swywolny;4;1;629;
KRIJP_22892_03031029_sybara-syndykowstwo.djvu;Sybara - Syndykowstwo;sybara-syndykowstwo;sybara;syndykowstwo;1;1;630;
KRIJP_22893_03031030_syneczek-szaleniec.djvu;Syneczek - Szaleniec;syneczek-szaleniec;syneczek;szaleniec;1;1;631;
KRIJP_22894_03031031_szalenstwo-szczaw.djvu;Szaleństwo - Szczaw;szalenstwo-szczaw;szaleństwo;szczaw;1;1;632;
KRIJP_22895_03031032_szczawi-szczesliwy1.djvu;Szczawi - Szczęśliwy1;szczawi-szczesliwy1;szczawi;szczęśliwy;1;1;633;
KRIJP_22896_03031033_szczesliwy2-szeroszo.djvu;Szczęśliwy2 - Szeroszowski;szczesliwy2-szeroszo;szczęśliwy;szeroszowski;2;1;634;
KRIJP_22897_03031034_szerszeni-szkodliwos.djvu;Szerszeni - Szkodliwość;szerszeni-szkodliwos;szerszeni;szkodliwość;1;1;635;
KRIJP_22898_03031035_szkodliwy-szlachetno.djvu;Szkodliwy - Szlachetność;szkodliwy-szlachetno;szkodliwy;szlachetność;1;1;636;
KRIJP_22899_03031036_szlachetny-szpetny.djvu;Szlachetny - Szpetny;szlachetny-szpetny;szlachetny;szpetny;1;1;637;
KRIJP_22900_03031037_szpetulicha-szufla.djvu;Szpetulicha - Szufla;szpetulicha-szufla;szpetulicha;szufla;1;1;638;
KRIJP_22901_03031038_szuflada-szwedzki.djvu;Szuflada - Szwedzki;szuflada-szwedzki;szuflada;szwedzki;1;1;639;
KRIJP_22902_03031039_szwela-scieracsie.djvu;Szwel(a) - Scierać się;szwela-scieracsie;szwel;ścierać się;1;1;640;
KRIJP_22903_03031040_scieranie-slub.djvu;Ścieranie - Ślub;scieranie-slub;ścieranie;ślub;1;1;641;
KRIJP_22904_03031041_slubic-smierc1.djvu;Ślubić - Śmierć1;slubic-smierc1;ślubić;śmierć;1;1;642;
KRIJP_22905_03031042_smierc2-srodkoziemny.djvu;Śmierć2 - Środkoziemny;smierc2-srodkoziemny;śmierć;środkoziemny;2;1;643;
KRIJP_22906_03031043_srodoposny-swiat1.djvu;Środoposny - Świat1;srodoposny-swiat1;środoposny;świat;1;1;644;
KRIJP_22907_03031044_swiat2-swietnie.djvu;Świat2 - Świetnie;swiat2-swietnie;świat;świetnie;2;1;645;
KRIJP_22887_03031045_swietniec-swiety1.djvu;Świetnieć - Święty1;swietniec-swiety1;świetnieć;święty;1;1;646;
KRIJP_22908_03031046_swiety2-tak1.djvu;Święty2 - Tak1;swiety2-tak1;święty;tak;2;1;647;
KRIJP_22909_03031047_tak2.djvu;Tak2;tak2;tak;tak;2;2;648;
KRIJP_22910_03031048_tak3.djvu;Tak3;tak3;tak;tak;3;3;649;
KRIJP_22911_03031049_tak4.djvu;Tak4;tak4;tak;tak;4;4;650;
KRIJP_22912_03031050_taka-taki.djvu;Taka - Taki;taka-taki;taka;taki;1;1;651;
KRIJP_22913_03031051_taki-takze1.djvu;Taki - Także1;taki-takze1;taki;także;1;1;652;
KRIJP_22914_03031052_takze2-tam1.djvu;Także2 - Tam1;takze2-tam1;także;tam;2;1;653;
KRIJP_22915_03031053_tam2-tamze.djvu;Tam2 - Tamże;tam2-tamze;tam;tamże;2;1;654;
KRIJP_22916_03031054_tan-tczy.djvu;Tan - Tczy;tan-tczy;tan;tczy;1;1;655;
KRIJP_22917_03031055_teatr-temu.djvu;Teatr - Temu;teatr-temu;teatr;temu;1;1;656;
KRIJP_22918_03031056_technac-to1.djvu;Technąć - To1;technac-to1;technąć;to;1;1;657;
KRIJP_22919_03031057_ten1.djvu;Ten1;ten1;ten;ten;1;1;658;
KRIJP_22920_03031060_ten2.djvu;Ten2;ten2;ten;ten;2;2;659;
KRIJP_22921_03031061_ten3.djvu;Ten3;ten3;ten;ten;3;3;660;
KRIJP_22922_03031062_ten4.djvu;Ten4;ten4;ten;ten;4;4;661;
KRIJP_22923_03031063_ten5.djvu;Ten5;ten5;ten;ten;5;5;662;
KRIJP_22924_03031064_ten6.djvu;Ten6;ten6;ten;ten;6;6;663;
KRIJP_22925_03031065_ten7.djvu;Ten7;ten7;ten;ten;7;7;664;
KRIJP_22926_03031066_ten8.djvu;Ten8;ten8;ten;ten;8;8;665;
KRIJP_22927_03031067_ten9.djvu;Ten9;ten9;ten;ten;9;9;666;
KRIJP_22928_03031058_ten10.djvu;Ten10;ten10;ten;ten;10;10;667;
KRIJP_22929_03031059_ten11.djvu;Ten11;ten11;ten;ten;11;11;668;
KRIJP_22930_03031068_tenze2-teraz1.djvu;Tenże2 - Teraz1;tenze2-teraz1;tenże;teraz;2;1;669;
KRIJP_22931_03031069_teraz2-tez1.djvu;Teraz2 - Też1;teraz2-tez1;teraz;też;2;1;670;
KRIJP_22932_03031070_tez2.djvu;Też2;tez2;też;też;2;2;671;
KRIJP_22933_03031071_to2.djvu;To2;to2;to;to;2;2;672;
KRIJP_22934_03031072_to3-towarzystwo.djvu;To3 - Towarzystwo;to3-towarzystwo;to;towarzystwo;3;1;673;
KRIJP_23051_03031073_towarzysz-traktatowy.djvu;Towarzysz - Traktatowy;towarzysz-traktatowy;towarzysz;traktatowy;1;1;674;
KRIJP_23052_03031074_traktowac-trocha.djvu;Traktować - Trocha;traktowac-trocha;traktować;trocha;1;1;675;
KRIJP_23053_03031075_troche-trudno.djvu;Trochę - Trudno;troche-trudno;trochę;trudno;1;1;676;
KRIJP_23054_03031076_trudnomownosc-trybun.djvu;Trudnomowność - Trybunał1;trudnomownosc-trybun;trudnomowność;trybunał;1;1;677;
KRIJP_23055_03031077_trybunal2-trzebaz.djvu;Trybunał2 - Trzebaż;trybunal2-trzebaz;trybunał;trzebaż;2;1;678;
KRIJP_23056_03031078_trzebczanin-trzy1.djvu;Trzebczanin - Trzy1;trzebczanin-trzy1;trzebczanin;trzy;1;1;679;
KRIJP_23057_03031079_trzy2-tu1.djvu;Trzy2 - Tu1;trzy2-tu1;trzy;tu;2;1;680;
KRIJP_23058_03031080_tu2-turbowanie.djvu;Tu2 - Turbowanie;tu2-turbowanie;tu;turbowanie;2;1;681;
KRIJP_23059_03031081_turchala-twarz1.djvu;Turchala - Twarz1;turchala-twarz1;turchala;twarz;1;1;682;
KRIJP_23060_03031082_twarz2-ty1.djvu;Twarz2 - Ty1;twarz2-ty1;twarz;ty;2;1;683;
KRIJP_23061_03031083_ty2-tyka.djvu;Ty2 - Tyka;ty2-tyka;ty;tyka;2;1;684;
KRIJP_23062_03031084_tykac-tylko1.djvu;Tykać - Tylko1;tykac-tylko1;tykać;tylko;1;1;685;
KRIJP_23063_03031085_tylko2-tymczasem.djvu;Tylko2 - Tymczasem;tylko2-tymczasem;tylko;tymczasem;2;1;686;
KRIJP_23064_03031086_tymf-tyzbier.djvu;Tymf - Tyżbier;tymf-tyzbier;tymf;tyżbier;1;1;687;
KRIJP_23065_03031087_u1.djvu;U1;u1;u;u;1;1;688;
KRIJP_23066_03031088_u2-ubraniac.djvu;U2 - Ubraniać;u2-ubraniac;u;ubraniać;2;1;689;
KRIJP_23067_03031089_ubranie-uciekacz.djvu;Ubranie - Uciekacz;ubranie-uciekacz;ubranie;uciekacz;1;1;690;
KRIJP_23068_03031090_uciekac-uczycsie.djvu;Uciekać - Uczyć się;uciekac-uczycsie;uciekać;uczyć się;1;1;691;
KRIJP_23069_03031091_uczynek-uczynkowy.djvu;Uczynek - Uczynkowy;uczynek-uczynkowy;uczynek;uczynkowy;1;1;692;
KRIJP_23070_03031092_uczynnie-ufortyfikow.djvu;Uczynnie - Ufortyfikowany;uczynnie-ufortyfikow;uczynnie;ufortyfikowany;1;1;693;
KRIJP_23071_03031093_ufrasowac-ukleic.djvu;Ufrasować - Ukleić;ufrasowac-ukleic;ufrasować;ukleić;1;1;694;
KRIJP_23072_03031094_uklej-ulagodzicsie.djvu;Uklej - Ułagodzić się;uklej-ulagodzicsie;uklej;ułagodzić się;1;1;695;
KRIJP_23073_03031095_ulak-umocniony.djvu;Ułak - Umocniony;ulak-umocniony;ułak;umocniony;1;1;696;
KRIJP_23074_03031096_umocowac-unizony.djvu;Umocować - Uniżony;umocowac-unizony;umocować;uniżony;1;1;697;
KRIJP_23075_03031097_unizyc-upominek.djvu;Uniżyć - Upominek;unizyc-upominek;uniżyć;upominek;1;1;698;
KRIJP_23076_03031098_upominkowac-uragowis.djvu;Upominkować - Urągowisko;upominkowac-uragowis;upominkować;urągowisko;1;1;699;
KRIJP_23077_03031099_urbanowa-urzekanie.djvu;Urbanowa - Urzekanie;urbanowa-urzekanie;urbanowa;urzekanie;1;1;700;
KRIJP_23078_03031100_urzenialy-uspokoicsi.djvu;Urzeniały - Uspokoić się;urzenialy-uspokoicsi;urzeniały;uspokoić się;1;1;701;
KRIJP_23079_03031101_uspokajac-ustepowacs.djvu;Uspokajać - Ustępować się;uspokajac-ustepowacs;uspokajać;ustępować się;1;1;702;
KRIJP_23080_03031102_ustepowanie-utrapien.djvu;Ustępowanie - Utrapienie;ustepowanie-utrapien;ustępowanie;utrapienie;1;1;703;
KRIJP_23081_03031103_utrapiony-uwierciec.djvu;Utrapiony - Uwiercieć;utrapiony-uwierciec;utrapiony;uwiercieć;1;1;704;
KRIJP_23082_03031104_uwierzac-uzywanie.djvu;Uwierzać - Używanie;uwierzac-uzywanie;uwierzać;używanie;1;1;705;
KRIJP_23083_03031105_w1.djvu;W1;w1;w;w;1;1;706;
KRIJP_23084_03031109_w2.djvu;W2;w2;w;w;2;2;707;
KRIJP_23085_03031110_w3.djvu;W3;w3;w;w;3;3;708;
KRIJP_23086_03031111_w4.djvu;W4;w4;w;w;4;4;709;
KRIJP_23087_03031112_w5.djvu;W5;w5;w;w;5;5;710;
KRIJP_23088_03031113_w6.djvu;W6;w6;w;w;6;6;711;
KRIJP_23089_03031114_w7.djvu;W7;w7;w;w;7;7;712;
KRIJP_23090_03031115_w8.djvu;W8;w8;w;w;8;8;713;
KRIJP_23296_03031116_w9.djvu;W9;w9;w;w;9;9;714;
KRIJP_23297_03031106_w10.djvu;W10;w10;w;w;10;10;715;
KRIJP_23299_03031107_w11.djvu;W11;w11;w;w;11;11;716;
KRIJP_23303_03031108_w12-walnica.djvu;W12 - Walnica;w12-walnica;w;walnica;12;1;717;
KRIJP_23305_03031117_walnie-warzyc.djvu;Walnie - Warzyć;walnie-warzyc;walnie;warzyć;1;1;718;
KRIJP_23306_03031118_warzycsie-watpliwy.djvu;Warzyć się - Wątpliwy;warzycsie-watpliwy;warzyć się;wątpliwy;1;1;719;
KRIJP_23308_03031119_watroba-wdziewoslebi.djvu;Wątroba - Wdziewosłębić;watroba-wdziewoslebi;wątroba;wdziewosłębić;1;1;720;
KRIJP_23310_03031120_wdzieczen-wejze.djvu;Wdzięczen - Wejże;wdzieczen-wejze;wdzięczen;wejże;1;1;721;
KRIJP_23312_03031121_wekier-wesrzedny.djvu;Wekier - Weśrzedny;wekier-wesrzedny;wekier;weśrzedny;1;1;722;
KRIJP_23313_03031122_wet-wiadomosc1.djvu;Wet - Wiadomość1;wet-wiadomosc1;wet;wiadomość;1;1;723;
KRIJP_23314_03031123_wiadomosc2-wiazacsie.djvu;Wiadomość2 - Wiązać się;wiadomosc2-wiazacsie;wiadomość;wiązać się;2;1;724;
KRIJP_23315_03031124_wiazaneczka-widziec1.djvu;Wiązaneczka - Widzieć1;wiazaneczka-widziec1;wiązaneczka;widzieć;1;1;725;
KRIJP_23317_03031125_widziec2-wieczor.djvu;Widzieć2 - Wieczór;widziec2-wieczor;widzieć;wieczór;2;1;726;
KRIJP_23318_03031126_wieczyc-wiedzma.djvu;Wieczyć - Wiedźma;wieczyc-wiedzma;wieczyć;wiedźma;1;1;727;
KRIJP_23319_03031127_wieja-wiele1.djvu;Wieja - Wiele1;wieja-wiele1;wieja;wiele;1;1;728;
KRIJP_23323_03031128_wiele2-wielki1.djvu;Wiele2 - Wielki1;wiele2-wielki1;wiele;wielki;2;1;729;
KRIJP_23325_03031129_wielki2.djvu;Wielki2;wielki2;wielki;wielki;2;2;730;
KRIJP_23326_03031130_wielki3-wiernus.djvu;Wielki3 - Wiernuś;wielki3-wiernus;wielki;wiernuś;3;1;731;
KRIJP_23328_03031131_wierny-wies1.djvu;Wierny - Wieś1;wierny-wies1;wierny;wieś;1;1;732;
KRIJP_23329_03031132_wies2-wiec1.djvu;Wieś2 - Więc1;wies2-wiec1;wieś;więc;2;1;733;
KRIJP_23331_03031133_wiec2-wiekszy.djvu;Więc2 - Większy;wiec2-wiekszy;więc;większy;2;1;734;
KRIJP_23321_03031134_wiekszy2-wilgotny.djvu;Większy2 - Wilgotny;wiekszy2-wilgotny;większy;wilgotny;2;1;735;
KRIJP_23332_03031135_willa-winszowanie.djvu;Willa - Winszowanie;willa-winszowanie;willa;winszowanie;1;1;736;
KRIJP_23333_03031136_wintomienski-wkrotce.djvu;Wintomieński - Wkrótce;wintomienski-wkrotce;wintomieński;wkrótce;1;1;737;
KRIJP_23334_03031137_wkrusz-wlochy.djvu;Wkrusz - Włochy;wkrusz-wlochy;wkrusz;włochy;1;1;738;
KRIJP_23336_03031138_wloclaw-wnetrznosci.djvu;Włocław - Wnętrzności;wloclaw-wnetrznosci;włocław;wnętrzności;1;1;739;
KRIJP_23337_03031139_wnetrzny-woda.djvu;Wnętrzny - Woda;wnetrzny-woda;wnętrzny;woda;1;1;740;
KRIJP_23338_03031140_wodca-wojlok.djvu;Wodca - Wojłok;wodca-wojlok;wodca;wojłok;1;1;741;
KRIJP_23341_03031141_wojna-wojsko1.djvu;Wojna - Wojsko1;wojna-wojsko1;wojna;wojsko;1;1;742;
KRIJP_23342_03031142_wojsko2-wola1.djvu;Wojsko2 - Wola1;wojsko2-wola1;wojsko;wola;2;1;743;
KRIJP_23343_03031143_wola2-wolny.djvu;Wola2 - Wolny;wola2-wolny;wola;wolny;2;1;744;
KRIJP_23345_03031144_wolok-wodka.djvu;Wolok - Wódka;wolok-wodka;wolok;wódka;1;1;745;
KRIJP_23339_03031145_wodz-wprawdziec.djvu;Wódz - Wprawdzieć;wodz-wprawdziec;wódz;wprawdzieć;1;1;746;
KRIJP_23347_03031146_wprawiac-wroblowy.djvu;Wprawiać - Wróblowy;wprawiac-wroblowy;wprawiać;wróblowy;1;1;747;
KRIJP_23350_03031147_wrocenie-wsiadzenie.djvu;Wrócenie - Wsiądzenie;wrocenie-wsiadzenie;wrócenie;wsiądzenie;1;1;748;
KRIJP_23351_03031148_wsiakac-wstaznik.djvu;Wsiąkać - Wstążnik;wsiakac-wstaznik;wsiąkać;wstążnik;1;1;749;
KRIJP_23352_03031149_wstecz-wszelki1.djvu;Wstecz - Wszelki1;wstecz-wszelki1;wstecz;wszelki;1;1;750;
KRIJP_23353_03031150_wszelki2-wszystek1.djvu;Wszelki2 - Wszystek1;wszelki2-wszystek1;wszelki;wszystek;2;1;751;
KRIJP_23354_03031151_wszystek2.djvu;Wszystek2;wszystek2;wszystek;wszystek;2;2;752;
KRIJP_23355_03031152_wszystek4-wxlit.djvu;Wszystek4 - WX.Lit;wszystek4-wxlit;wszystek;wx.lit;4;1;753;
KRIJP_23356_03031153_wszytek3.djvu;Wszytek3;wszytek3;wszytek;wszytek;3;3;754;
KRIJP_23370_03031165_wy-wychelznywac.djvu;Wy - Wychełznywać;wy-wychelznywac;wy;wychełznywać;1;1;755;
KRIJP_23357_03031154_wychedazac-wycwiczyc.djvu;Wychędażać - Wyćwiczyć się;wychedazac-wycwiczyc;wychędażać;wyćwiczyć się;1;1;756;
KRIJP_23358_03031155_wydac-wygmerac.djvu;Wydać - Wygmerać;wydac-wygmerac;wydać;wygmerać;1;1;757;
KRIJP_23360_03031156_wygnac-wyjsc1.djvu;Wygnać - Wyjść1;wygnac-wyjsc1;wygnać;wyjść;1;1;758;
KRIJP_23361_03031157_wyjsc2-wylamywacsie.djvu;Wyjść2 - Wyłamywać się;wyjsc2-wylamywacsie;wyjść;wyłamywać się;2;1;759;
KRIJP_23362_03031158_wylatac-wyniesle.djvu;Wylatać - Wynieśle;wylatac-wyniesle;wylatać;wynieśle;1;1;760;
KRIJP_23363_03031159_wynik-wyplacicsie.djvu;Wynik - Wypłacić się;wynik-wyplacicsie;wynik;wypłacić się;1;1;761;
KRIJP_23364_03031160_wyplakac-wyrajenie.djvu;Wyplakać - Wyrajenie;wyplakac-wyrajenie;wyplakać;wyrajenie;1;1;762;
KRIJP_23365_03031161_wyrastac-wysarknac.djvu;Wyrastać - Wysarknąć;wyrastac-wysarknac;wyrastać;wysarknąć;1;1;763;
KRIJP_23366_03031162_wysaczac-wystawiciel.djvu;Wysączać - Wystawiciel;wysaczac-wystawiciel;wysączać;wystawiciel;1;1;764;
KRIJP_23368_03031163_wystawic-wytruc.djvu;Wystawić - Wytruć;wystawic-wytruc;wystawić;wytruć;1;1;765;
KRIJP_23369_03031164_wytrwac-wyznaczycsie.djvu;Wytrwać - Wyznaczyć się;wytrwac-wyznaczycsie;wytrwać;wyznaczyć się;1;1;766;
KRIJP_23371_03031166_wyznac-wzgardzca.djvu;Wyznać - Wzgardźca;wyznac-wzgardzca;wyznać;wzgardźca;1;1;767;
KRIJP_23372_03031167_wzginac-wziac1.djvu;Wzginąć - Wziąć1;wzginac-wziac1;wzginąć;wziąć;1;1;768;
KRIJP_23373_03031168_wziac2-x.djvu;Wziąć2 - X;wziac2-x;wziąć;x;2;1;769;
KRIJP_23374_03031169_z1.djvu;Z1;z1;z;z;1;1;770;
KRIJP_23375_03031172_z2.djvu;Z2;z2;z;z;2;2;771;
KRIJP_23376_03031173_z3.djvu;Z3;z3;z;z;3;3;772;
KRIJP_23377_03031174_z4.djvu;Z4;z4;z;z;4;4;773;
KRIJP_23378_03031175_z5.djvu;Z5;z5;z;z;5;5;774;
KRIJP_23379_03031176_z6.djvu;Z6;z6;z;z;6;6;775;
KRIJP_23478_03031177_z7.djvu;Z7;z7;z;z;7;7;776;
KRIJP_23479_03031178_z8.djvu;Z8;z8;z;z;8;8;777;
KRIJP_23480_03031179_z9.djvu;Z9;z9;z;z;9;9;778;
KRIJP_23484_03031171_z11-za1.djvu;Z11 - Za1;z11-za1;z;za;11;1;779;
KRIJP_23486_03031180_za2.djvu;Za2;za2;za;za;2;2;780;
KRIJP_23489_03031181_za3.djvu;Za3;za3;za;za;3;3;781;
KRIJP_23491_03031182_za4-zabawiony.djvu;Za4 - Zabawiony;za4-zabawiony;za;zabawiony;4;1;782;
KRIJP_23494_03031183_zabawka-zachmurzyc.djvu;Zabawka - Zachmurzyć;zabawka-zachmurzyc;zabawka;zachmurzyć;1;1;783;
KRIJP_23496_03031184_zachodni-zacnosc.djvu;Zachodni - Zacność;zachodni-zacnosc;zachodni;zacność;1;1;784;
KRIJP_23497_03031185_zadatka-zajasniec.djvu;Zadatka - Zajaśnieć;zadatka-zajasniec;zadatka;zajaśnieć;1;1;785;
KRIJP_23498_03031186_zajazd-zakonnik.djvu;Zajazd - Zakonnik;zajazd-zakonnik;zajazd;zakonnik;1;1;786;
KRIJP_23500_03031187_zakonnosc-zalozony.djvu;Zakonność - Założony;zakonnosc-zalozony;zakonność;założony;1;1;787;
KRIJP_23501_03031188_zalozyc-zamkowy.djvu;Założyć - Zamkowy;zalozyc-zamkowy;założyć;zamkowy;1;1;788;
KRIJP_23503_03031189_zamlec-zapalic.djvu;Zamleć - Zapalić;zamlec-zapalic;zamleć;zapalić;1;1;789;
KRIJP_23504_03031190_zapalicsie-zaporoski.djvu;Zapalić się - Zaporoski;zapalicsie-zaporoski;zapalić się;zaporoski;1;1;790;
KRIJP_23505_03031191_zaporowski-zaraz.djvu;Zaporowski - Zaraz;zaporowski-zaraz;zaporowski;zaraz;1;1;791;
KRIJP_23506_03031192_zaraza-zasie.djvu;Zaraza - Zasię;zaraza-zasie;zaraza;zasię;1;1;792;
KRIJP_23508_03031193_zasiedzenie-zastepow.djvu;Zasiędzenie - Zastępowanie;zasiedzenie-zastepow;zasiędzenie;zastępowanie;1;1;793;
KRIJP_23509_03031194_zastole-zas.djvu;Zastole - Zaś;zastole-zas;zastole;zaś;1;1;794;
KRIJP_23510_03031195_zascianek-zatworzyc.djvu;Zaścianek - Zatworzyć;zascianek-zatworzyc;zaścianek;zatworzyć;1;1;795;
KRIJP_23511_03031196_zatybrowy-zawisny.djvu;Zatybrowy - Zawisny;zatybrowy-zawisny;zatybrowy;zawisny;1;1;796;
KRIJP_23512_03031197_zawitac-zawziety.djvu;Zawitać - Zawzięty;zawitac-zawziety;zawitać;zawzięty;1;1;797;
KRIJP_23513_03031198_zawzdy-zbawic.djvu;Zawżdy - Zbawić;zawzdy-zbawic;zawżdy;zbawić;1;1;798;
KRIJP_23514_03031199_zbawienie-zbraniacsi.djvu;Zbawienie - Zbraniać się;zbawienie-zbraniacsi;zbawienie;zbraniać się;1;1;799;
KRIJP_23515_03031200_zbranianie-zdac-sie.djvu;Zbranianie - Zdać-się;zbranianie-zdac-sie;zbranianie;zdać-się;1;1;800;
KRIJP_23516_03031201_zdala-zdrajczyni.djvu;Zdala - Zdrajczyni;zdala-zdrajczyni;zdala;zdrajczyni;1;1;801;
KRIJP_23517_03031202_zdrapac-zebraniesie.djvu;Zdrapać - Zebranie się;zdrapac-zebraniesie;zdrapać;zebranie się;1;1;802;
KRIJP_23519_03031206_zebrany-zesromocony.djvu;Zebrany - Zesromocony;zebrany-zesromocony;zebrany;zesromocony;1;1;803;
KRIJP_23521_03031207_zestarzaly-zgladzca.djvu;Zestarzały - Zgładźca;zestarzaly-zgladzca;zestarzały;zgładźca;1;1;804;
KRIJP_23522_03031208_zglo-zgryzny.djvu;Zgło - Zgryźny;zglo-zgryzny;zgło;zgryźny;1;1;805;
KRIJP_23523_03031209_zgrzac-ziemek.djvu;Zgrzać - Ziemek;zgrzac-ziemek;zgrzać;ziemek;1;1;806;
KRIJP_23524_03031210_ziemia-ziemioplaz.djvu;Ziemia - Ziemiopłaz;ziemia-ziemioplaz;ziemia;ziemiopłaz;1;1;807;
KRIJP_23525_03031211_ziemski-zjednac.djvu;Ziemski - Zjednać;ziemski-zjednac;ziemski;zjednać;1;1;808;
KRIJP_23526_03031212_zjednany-zlosciwy.djvu;Zjednany - Złościwy;zjednany-zlosciwy;zjednany;złościwy;1;1;809;
KRIJP_23528_03031213_zlosc-zloty.djvu;Złość - Złoty;zlosc-zloty;złość;złoty;1;1;810;
KRIJP_23527_03031214_zlowek-zly.djvu;Złowek - Zły;zlowek-zly;złowek;zły;1;1;811;
KRIJP_23529_03031215_zlykowaciec-zmylkowa.djvu;Złykowacieć - Zmyłkować;zlykowaciec-zmylkowa;złykowacieć;zmyłkować;1;1;812;
KRIJP_23530_03031216_zmylkowac-znac.djvu;Zmyłkować - Znać;zmylkowac-znac;zmyłkować;znać;1;1;813;
KRIJP_23531_03031217_znacsie-zniesiony.djvu;Znać się - Zniesiony;znacsie-zniesiony;znać się;zniesiony;1;1;814;
KRIJP_23532_03031218_zniesc-znowu.djvu;Znieść - Znowu;zniesc-znowu;znieść;znowu;1;1;815;
KRIJP_23533_03031219_znowuz-zostawa.djvu;Znowuż - Zostawa;znowuz-zostawa;znowuż;zostawa;1;1;816;
KRIJP_23535_03031220_zostawac-zrebowac.djvu;Zostawać - Zrębować;zostawac-zrebowac;zostawać;zrębować;1;1;817;
KRIJP_23656_03031221_zrecznie-zupelny.djvu;Zręcznie - Zupełny;zrecznie-zupelny;zręcznie;zupełny;1;1;818;
KRIJP_23657_03031222_zupny-zwierciec.djvu;Zupny - Zwiercieć;zupny-zwierciec;zupny;zwiercieć;1;1;819;
KRIJP_23659_03031223_zwierzch-zwono.djvu;Zwierzch - Zwono;zwierzch-zwono;zwierzch;zwono;1;1;820;
KRIJP_23667_03031224_zwora-zzynac.djvu;Zwora - Żżynać;zwora-zzynac;zwora;żżynać;1;1;821;
KRIJP_23518_03031225_zdziebelko-zaden1.djvu;Ździebełko - Żaden1;zdziebelko-zaden1;ździebełko;żaden;1;1;822;
KRIJP_23671_03031226_zaden2-zalosnie.djvu;Żaden2 - Żałosnie;zaden2-zalosnie;żaden;żałosnie;2;1;823;
KRIJP_23673_03031227_zalowac-ze1.djvu;Żałować - Że1;zalowac-ze1;żałować;że;1;1;824;
KRIJP_23674_03031203_ze2.djvu;Że2;ze2;że;że;2;2;825;
KRIJP_23675_03031228_ze3.djvu;Że3;ze3;że;że;3;3;826;
KRIJP_23677_03031204_ze4.djvu;Że4;ze4;że;że;4;4;827;
KRIJP_23679_03031205_ze5.djvu;Że5;ze5;że;że;5;5;828;
KRIJP_23520_03031230_zeby2-zelazo.djvu;Żeby2 - Żelazo;zeby2-zelazo;żeby;żelazo;2;1;829;
KRIJP_23681_03031231_zelazowy-zoludzki.djvu;Żelazowy - Żołudzki;zelazowy-zoludzki;żelazowy;żołudzki;1;1;830;
KRIJP_23534_03031232_zona-zychlinski.djvu;Żona - Żychliński;zona-zychlinski;żona;żychliński;1;1;831;
KRIJP_23682_03031233_zycie-zyc.djvu;Życie - Żyć;zycie-zyc;życie;żyć;1;1;832;
KRIJP_23669_03031234_zyd-zywnostka.djvu;Żyd - Żywnostka;zyd-zywnostka;żyd;żywnostka;1;1;833;
KRIJP_23683_03031235_zywnosc-zyzka.djvu;Żywność - Żyzka;zywnosc-zyzka;żywność;żyzka;1;1;834;
